bp-sync-and-push.sh: line 16: node: command not found
bp-sync-and-push.sh: line 16: node: command not found
bp-sync-and-push.sh: line 16: node: command not found
bp-sync-and-push.sh: line 16: node: command not found
bp-sync-and-push.sh: line 16: node: command not found
bp-sync-and-push.sh: line 16: node: command not found
bp-sync-and-push.sh: line 16: node: command not found
bp-sync-and-push.sh: line 16: node: command not found
bp-sync-and-push.sh: line 16: node: command not found
bp-sync-and-push.sh: line 16: node: command not found
bp-sync-and-push.sh: line 16: node: command not found
bp-sync-and-push.sh: line 16: node: command not found
bp-sync-and-push.sh: line 16: node: command not found
bp-sync-and-push.sh: line 16: node: command not found
bp-sync-and-push.sh: line 16: node: command not found
bp-sync-and-push.sh: line 16: node: command not found
bp-sync-and-push.sh: line 16: node: command not found
bp-sync-and-push.sh: line 16: node: command not found
bp-sync-and-push.sh: line 16: node: command not found
bp-sync-and-push.sh: line 16: node: command not found
bp-sync-and-push.sh: line 16: node: command not found
bp-sync-and-push.sh: line 16: node: command not found
bp-sync-and-push.sh: line 16: node: command not found
bp-sync-and-push.sh: line 16: node: command not found
bp-sync-and-push.sh: line 16: node: command not found
bp-sync-and-push.sh: line 16: node: command not found
bp-sync-and-push.sh: line 16: node: command not found
bp-sync-and-push.sh: line 16: node: command not found
bp-sync-and-push.sh: line 16: node: command not found
bp-sync-and-push.sh: line 16: node: command not found
bp-sync-and-push.sh: line 16: node: command not found
bp-sync-and-push.sh: line 16: node: command not found
bp-sync-and-push.sh: line 16: node: command not found
bp-sync-and-push.sh: line 16: node: command not found
bp-sync-and-push.sh: line 16: node: command not found
bp-sync-and-push.sh: line 16: node: command not found
bp-sync-and-push.sh: line 16: node: command not found
bp-sync-and-push.sh: line 16: node: command not found
bp-sync-and-push.sh: line 16: node: command not found
bp-sync-and-push.sh: line 16: node: command not found
bp-sync-and-push.sh: line 16: node: command not found
bp-sync-and-push.sh: line 16: node: command not found
bp-sync-and-push.sh: line 16: node: command not found
bp-sync-and-push.sh: line 16: node: command not found
bp-sync-and-push.sh: line 16: node: command not found
bp-sync-and-push.sh: line 16: node: command not found
bp-sync-and-push.sh: line 16: node: command not found
bp-sync-and-push.sh: line 16: node: command not found
bp-sync-and-push.sh: line 16: node: command not found
bp-sync-and-push.sh: line 16: node: command not found
bp-sync-and-push.sh: line 16: node: command not found
bp-sync-and-push.sh: line 16: node: command not found
bp-sync-and-push.sh: line 16: node: command not found
bp-sync-and-push.sh: line 16: node: command not found
bp-sync-and-push.sh: line 16: node: command not found
bp-sync-and-push.sh: line 16: node: command not found
bp-sync-and-push.sh: line 16: node: command not found
bp-sync-and-push.sh: line 16: node: command not found
bp-sync-and-push.sh: line 16: node: command not found
bp-sync-and-push.sh: line 16: node: command not found
bp-sync-and-push.sh: line 16: node: command not found
bp-sync-and-push.sh: line 16: node: command not found
bp-sync-and-push.sh: line 16: node: command not found
bp-sync-and-push.sh: line 16: node: command not found
bp-sync-and-push.sh: line 16: node: command not found
bp-sync-and-push.sh: line 16: node: command not found
bp-sync-and-push.sh: line 16: node: command not found
bp-sync-and-push.sh: line 16: node: command not found
bp-sync-and-push.sh: line 16: node: command not found
bp-sync-and-push.sh: line 16: node: command not found
bp-sync-and-push.sh: line 16: node: command not found
bp-sync-and-push.sh: line 16: node: command not found
bp-sync-and-push.sh: line 16: node: command not found
bp-sync-and-push.sh: line 16: node: command not found
bp-sync-and-push.sh: line 16: node: command not found
bp-sync-and-push.sh: line 16: node: command not found
bp-sync-and-push.sh: line 16: node: command not found
bp-sync-and-push.sh: line 16: node: command not found
bp-sync-and-push.sh: line 16: node: command not found
bp-sync-and-push.sh: line 16: node: command not found
bp-sync-and-push.sh: line 16: node: command not found
bp-sync-and-push.sh: line 16: node: command not found
bp-sync-and-push.sh: line 16: node: command not found
bp-sync-and-push.sh: line 16: node: command not found
bp-sync-and-push.sh: line 16: node: command not found
bp-sync-and-push.sh: line 16: node: command not found
bp-sync-and-push.sh: line 16: node: command not found
bp-sync-and-push.sh: line 16: node: command not found
bp-sync-and-push.sh: line 16: node: command not found
bp-sync-and-push.sh: line 16: node: command not found
bp-sync-and-push.sh: line 16: node: command not found
bp-sync-and-push.sh: line 16: node: command not found
bp-sync-and-push.sh: line 16: node: command not found
bp-sync-and-push.sh: line 16: node: command not found
bp-sync-and-push.sh: line 16: node: command not found
bp-sync-and-push.sh: line 16: node: command not found
bp-sync-and-push.sh: line 16: node: command not found
bp-sync-and-push.sh: line 16: node: command not found
bp-sync-and-push.sh: line 16: node: command not found
bp-sync-and-push.sh: line 16: node: command not found
bp-sync-and-push.sh: line 16: node: command not found
bp-sync-and-push.sh: line 16: node: command not found
bp-sync-and-push.sh: line 16: node: command not found
bp-sync-and-push.sh: line 16: node: command not found
bp-sync-and-push.sh: line 16: node: command not found
bp-sync-and-push.sh: line 16: node: command not found
bp-sync-and-push.sh: line 16: node: command not found
bp-sync-and-push.sh: line 16: node: command not found
bp-sync-and-push.sh: line 16: node: command not found
bp-sync-and-push.sh: line 16: node: command not found
bp-sync-and-push.sh: line 16: node: command not found
bp-sync-and-push.sh: line 16: node: command not found
bp-sync-and-push.sh: line 16: node: command not found
bp-sync-and-push.sh: line 16: node: command not found
bp-sync-and-push.sh: line 16: node: command not found
bp-sync-and-push.sh: line 16: node: command not found
bp-sync-and-push.sh: line 16: node: command not found
bp-sync-and-push.sh: line 16: node: command not found
bp-sync-and-push.sh: line 16: node: command not found
bp-sync-and-push.sh: line 16: node: command not found
bp-sync-and-push.sh: line 16: node: command not found
bp-sync-and-push.sh: line 16: node: command not found
bp-sync-and-push.sh: line 16: node: command not found
bp-sync-and-push.sh: line 16: node: command not found
bp-sync-and-push.sh: line 16: node: command not found
bp-sync-and-push.sh: line 16: node: command not found
bp-sync-and-push.sh: line 16: node: command not found
bp-sync-and-push.sh: line 16: node: command not found
bp-sync-and-push.sh: line 16: node: command not found
bp-sync-and-push.sh: line 16: node: command not found
bp-sync-and-push.sh: line 16: node: command not found
bp-sync-and-push.sh: line 16: node: command not found
bp-sync-and-push.sh: line 16: node: command not found
bp-sync-and-push.sh: line 16: node: command not found
bp-sync-and-push.sh: line 16: node: command not found
bp-sync-and-push.sh: line 16: node: command not found
bp-sync-and-push.sh: line 16: node: command not found
bp-sync-and-push.sh: line 16: node: command not found
bp-sync-and-push.sh: line 16: node: command not found
bp-sync-and-push.sh: line 16: node: command not found
bp-sync-and-push.sh: line 16: node: command not found
bp-sync-and-push.sh: line 16: node: command not found
bp-sync-and-push.sh: line 16: node: command not found
bp-sync-and-push.sh: line 16: node: command not found
bp-sync-and-push.sh: line 16: node: command not found
[sync] Fetching Feishu token...
[sync] Fetching records from Bitable...
[sync] Formatting records...
[sync] Updating HTML file...
[sync] Updated with 67 records (2026-03-18 → 2026-05-26)
[sync] Done!
[Tue May 26 08:30:01 CST 2026] 数据无变化，无需推送
[sync] Fetching Feishu token...
[sync] Fetching records from Bitable...
[sync] Formatting records...
[sync] Updating HTML file...
[sync] Updated with 67 records (2026-03-18 → 2026-05-26)
[sync] Done!
[Tue May 26 09:00:02 CST 2026] 数据无变化，无需推送
[sync] Fetching Feishu token...
[sync] Fetching records from Bitable...
[sync] Formatting records...
[sync] Updating HTML file...
[sync] Updated with 67 records (2026-03-18 → 2026-05-26)
[sync] Done!
[Tue May 26 09:30:02 CST 2026] 数据无变化，无需推送
[sync] Fetching Feishu token...
[sync] Fetching records from Bitable...
[sync] Formatting records...
[sync] Updating HTML file...
[sync] Updated with 67 records (2026-03-18 → 2026-05-26)
[sync] Done!
[Tue May 26 10:00:03 CST 2026] 数据无变化，无需推送
[sync] Fetching Feishu token...
[sync] Fetching records from Bitable...
[sync] Formatting records...
[sync] Updating HTML file...
[sync] Updated with 67 records (2026-03-18 → 2026-05-26)
[sync] Done!
[Tue May 26 10:30:02 CST 2026] 数据无变化，无需推送
[sync] Fetching Feishu token...
[sync] Fetching records from Bitable...
[sync] Formatting records...
[sync] Updating HTML file...
[sync] Updated with 67 records (2026-03-18 → 2026-05-26)
[sync] Done!
[Tue May 26 11:00:02 CST 2026] 数据无变化，无需推送
[sync] Fetching Feishu token...
[sync] Fetching records from Bitable...
[sync] Formatting records...
[sync] Updating HTML file...
[sync] Updated with 67 records (2026-03-18 → 2026-05-26)
[sync] Done!
[Tue May 26 11:30:03 CST 2026] 数据无变化，无需推送
[sync] Fetching Feishu token...
[sync] Fetching records from Bitable...
[sync] Formatting records...
[sync] Updating HTML file...
[sync] Updated with 67 records (2026-03-18 → 2026-05-26)
[sync] Done!
[Tue May 26 12:00:02 CST 2026] 数据无变化，无需推送
[sync] Fetching Feishu token...
[sync] Fetching records from Bitable...
[sync] Formatting records...
[sync] Updating HTML file...
[sync] Updated with 67 records (2026-03-18 → 2026-05-26)
[sync] Done!
[Tue May 26 12:30:01 CST 2026] 数据无变化，无需推送
[sync] Fetching Feishu token...
[sync] Fetching records from Bitable...
[sync] Formatting records...
[sync] Updating HTML file...
[sync] Updated with 67 records (2026-03-18 → 2026-05-26)
[sync] Done!
[Tue May 26 13:00:02 CST 2026] 数据无变化，无需推送
[sync] Fetching Feishu token...
[sync] Fetching records from Bitable...
[sync] Formatting records...
[sync] Updating HTML file...
[sync] Updated with 67 records (2026-03-18 → 2026-05-26)
[sync] Done!
[Tue May 26 13:30:02 CST 2026] 数据无变化，无需推送
[sync] Fetching Feishu token...
[sync] Fetching records from Bitable...
[sync] Formatting records...
[sync] Updating HTML file...
[sync] Updated with 67 records (2026-03-18 → 2026-05-26)
[sync] Done!
[Tue May 26 14:00:02 CST 2026] 数据无变化，无需推送
[sync] Fetching Feishu token...
[sync] Fetching records from Bitable...
[sync] Formatting records...
[sync] Updating HTML file...
[sync] Updated with 67 records (2026-03-18 → 2026-05-26)
[sync] Done!
[Tue May 26 14:30:02 CST 2026] 数据无变化，无需推送
[sync] Fetching Feishu token...
[sync] Fetching records from Bitable...
[sync] Formatting records...
[sync] Updating HTML file...
[sync] Updated with 67 records (2026-03-18 → 2026-05-26)
[sync] Done!
[Tue May 26 15:00:03 CST 2026] 数据无变化，无需推送
[sync] Fetching Feishu token...
[sync] Fetching records from Bitable...
[sync] Formatting records...
[sync] Updating HTML file...
[sync] Updated with 67 records (2026-03-18 → 2026-05-26)
[sync] Done!
[Tue May 26 15:30:04 CST 2026] 数据无变化，无需推送
[sync] Fetching Feishu token...
[sync] Fetching records from Bitable...
[sync] Formatting records...
[sync] Updating HTML file...
[sync] Updated with 67 records (2026-03-18 → 2026-05-26)
[sync] Done!
[Tue May 26 16:00:05 CST 2026] 数据无变化，无需推送
[sync] Fetching Feishu token...
[sync] Fetching records from Bitable...
[sync] Formatting records...
[sync] Updating HTML file...
[sync] Updated with 67 records (2026-03-18 → 2026-05-26)
[sync] Done!
[Tue May 26 16:30:02 CST 2026] 数据无变化，无需推送
[sync] Fetching Feishu token...
[sync] Fetching records from Bitable...
[sync] Formatting records...
[sync] Updating HTML file...
[sync] Updated with 67 records (2026-03-18 → 2026-05-26)
[sync] Done!
[Tue May 26 17:00:03 CST 2026] 数据无变化，无需推送
[sync] Fetching Feishu token...
[sync] Fetching records from Bitable...
[sync] Formatting records...
[sync] Updating HTML file...
[sync] Updated with 67 records (2026-03-18 → 2026-05-26)
[sync] Done!
[Tue May 26 17:30:02 CST 2026] 数据无变化，无需推送
[sync] Fetching Feishu token...
[sync] Fetching records from Bitable...
[sync] Formatting records...
[sync] Updating HTML file...
[sync] Updated with 67 records (2026-03-18 → 2026-05-26)
[sync] Done!
[Tue May 26 18:00:01 CST 2026] 数据无变化，无需推送
[sync] Fetching Feishu token...
[sync] Fetching records from Bitable...
[sync] Formatting records...
[sync] Updating HTML file...
[sync] Updated with 67 records (2026-03-18 → 2026-05-26)
[sync] Done!
[Tue May 26 18:30:03 CST 2026] 数据无变化，无需推送
[sync] Fetching Feishu token...
[sync] Fetching records from Bitable...
[sync] Formatting records...
[sync] Updating HTML file...
[sync] Updated with 67 records (2026-03-18 → 2026-05-26)
[sync] Done!
[Tue May 26 19:00:02 CST 2026] 数据无变化，无需推送
[sync] Fetching Feishu token...
[sync] Fetching records from Bitable...
[sync] Formatting records...
[sync] Updating HTML file...
[sync] Updated with 67 records (2026-03-18 → 2026-05-26)
[sync] Done!
[Tue May 26 19:30:02 CST 2026] 数据无变化，无需推送
[sync] Fetching Feishu token...
[sync] Fetching records from Bitable...
[sync] Formatting records...
[sync] Updating HTML file...
[sync] Updated with 67 records (2026-03-18 → 2026-05-26)
[sync] Done!
[Tue May 26 20:00:05 CST 2026] 数据无变化，无需推送
[sync] Fetching Feishu token...
[sync] Fetching records from Bitable...
[sync] Formatting records...
[sync] Updating HTML file...
[sync] Updated with 67 records (2026-03-18 → 2026-05-26)
[sync] Done!
[Tue May 26 20:30:03 CST 2026] 数据无变化，无需推送
[sync] Fetching Feishu token...
[sync] Fetching records from Bitable...
[sync] Formatting records...
[sync] Updating HTML file...
[sync] Updated with 67 records (2026-03-18 → 2026-05-26)
[sync] Done!
[Tue May 26 21:00:05 CST 2026] 数据无变化，无需推送
[sync] Fetching Feishu token...
[sync] Fetching records from Bitable...
[sync] Formatting records...
[sync] Updating HTML file...
[sync] Updated with 67 records (2026-03-18 → 2026-05-26)
[sync] Done!
[Tue May 26 21:30:02 CST 2026] 数据无变化，无需推送
[sync] Fetching Feishu token...
[sync] Fetching records from Bitable...
[sync] Formatting records...
[sync] Updating HTML file...
[sync] Updated with 67 records (2026-03-18 → 2026-05-26)
[sync] Done!
[Tue May 26 22:00:04 CST 2026] 数据无变化，无需推送
[sync] Fetching Feishu token...
[sync] Fetching records from Bitable...
[sync] Formatting records...
[sync] Updating HTML file...
[sync] Updated with 67 records (2026-03-18 → 2026-05-26)
[sync] Done!
[Tue May 26 22:30:03 CST 2026] 数据无变化，无需推送
[sync] Fetching Feishu token...
[sync] Fetching records from Bitable...
[sync] Formatting records...
[sync] Updating HTML file...
[sync] Updated with 67 records (2026-03-18 → 2026-05-26)
[sync] Done!
[Tue May 26 23:00:03 CST 2026] 数据无变化，无需推送
[sync] Fetching Feishu token...
[sync] Fetching records from Bitable...
[sync] Formatting records...
[sync] Updating HTML file...
[sync] Updated with 67 records (2026-03-18 → 2026-05-26)
[sync] Done!
[Tue May 26 23:30:01 CST 2026] 数据无变化，无需推送
[sync] Fetching Feishu token...
[sync] Fetching records from Bitable...
[sync] Formatting records...
[sync] Updating HTML file...
[sync] Updated with 67 records (2026-03-18 → 2026-05-26)
[sync] Done!
[Wed May 27 00:00:02 CST 2026] 数据无变化，无需推送
[sync] Fetching Feishu token...
[sync] Fetching records from Bitable...
[sync] Formatting records...
[sync] Updating HTML file...
[sync] Updated with 67 records (2026-03-18 → 2026-05-26)
[sync] Done!
[Wed May 27 00:30:02 CST 2026] 数据无变化，无需推送
[sync] Fetching Feishu token...
[sync] Fetching records from Bitable...
[sync] Formatting records...
[sync] Updating HTML file...
[sync] Updated with 67 records (2026-03-18 → 2026-05-26)
[sync] Done!
[Wed May 27 01:00:02 CST 2026] 数据无变化，无需推送
[sync] Fetching Feishu token...
[sync] Fetching records from Bitable...
[sync] Formatting records...
[sync] Updating HTML file...
[sync] Updated with 67 records (2026-03-18 → 2026-05-26)
[sync] Done!
[Wed May 27 01:30:01 CST 2026] 数据无变化，无需推送
[sync] Fetching Feishu token...
[sync] Fetching records from Bitable...
[sync] Formatting records...
[sync] Updating HTML file...
[sync] Updated with 67 records (2026-03-18 → 2026-05-26)
[sync] Done!
[Wed May 27 02:00:02 CST 2026] 数据无变化，无需推送
[sync] Fetching Feishu token...
[sync] Fetching records from Bitable...
[sync] Formatting records...
[sync] Updating HTML file...
[sync] Updated with 67 records (2026-03-18 → 2026-05-26)
[sync] Done!
[Wed May 27 02:30:02 CST 2026] 数据无变化，无需推送
[sync] Fetching Feishu token...
[sync] Fetching records from Bitable...
[sync] Formatting records...
[sync] Updating HTML file...
[sync] Updated with 67 records (2026-03-18 → 2026-05-26)
[sync] Done!
[Wed May 27 03:00:02 CST 2026] 数据无变化，无需推送
[sync] Fetching Feishu token...
[sync] Fetching records from Bitable...
[sync] Formatting records...
[sync] Updating HTML file...
[sync] Updated with 67 records (2026-03-18 → 2026-05-26)
[sync] Done!
[Wed May 27 03:30:01 CST 2026] 数据无变化，无需推送
[sync] Fetching Feishu token...
[sync] Fetching records from Bitable...
[sync] Formatting records...
[sync] Updating HTML file...
[sync] Updated with 67 records (2026-03-18 → 2026-05-26)
[sync] Done!
[main 07280ba] Auto sync: 2026年05月27日 血压数据
 1 file changed, 1 insertion(+), 1 deletion(-)
To github.com:sheachang2026/bp-trend-ZXY.git
   5fa17d9..07280ba  main -> main
[Wed May 27 04:00:08 CST 2026] 推送完成
[sync] Fetching Feishu token...
[sync] Fetching records from Bitable...
[sync] Formatting records...
[sync] Updating HTML file...
[sync] Updated with 67 records (2026-03-18 → 2026-05-26)
[sync] Done!
[main 8b36833] Auto sync: 2026年05月27日 血压数据
 1 file changed, 1 insertion(+), 1 deletion(-)
To github.com:sheachang2026/bp-trend-ZXY.git
   07280ba..8b36833  main -> main
[Wed May 27 04:30:11 CST 2026] 推送完成
[sync] Fetching Feishu token...
[sync] Fetching records from Bitable...
[sync] Error: Feishu API error: {"code":1255002,"msg":"Something went wrong. Please contact technical support at https://applink.feishu.cn/client/helpdesk/open?id=6626260912531570952","error":{"log_id":"202605270500010D812BFE7202E6DAD09E","troubleshooter":"排查建议查看(Troubleshooting suggestions): https://open.feishu.cn/search?from=openapi&log_id=202605270500010D812BFE7202E6DAD09E&code=1255002&method_id=6965347212289540098"}}
[sync] Fetching Feishu token...
[sync] Fetching records from Bitable...
[sync] Formatting records...
[sync] Updating HTML file...
[sync] Updated with 67 records (2026-03-18 → 2026-05-26)
[sync] Done!
[Wed May 27 05:30:02 CST 2026] 数据无变化，无需推送
[sync] Fetching Feishu token...
[sync] Fetching records from Bitable...
[sync] Formatting records...
[sync] Updating HTML file...
[sync] Updated with 67 records (2026-03-18 → 2026-05-26)
[sync] Done!
[Wed May 27 06:00:02 CST 2026] 数据无变化，无需推送
[sync] Fetching Feishu token...
[sync] Fetching records from Bitable...
[sync] Formatting records...
[sync] Updating HTML file...
[sync] Updated with 67 records (2026-03-18 → 2026-05-26)
[sync] Done!
[Wed May 27 06:30:02 CST 2026] 数据无变化，无需推送
[sync] Fetching Feishu token...
[sync] Fetching records from Bitable...
[sync] Formatting records...
[sync] Updating HTML file...
[sync] Updated with 67 records (2026-03-18 → 2026-05-26)
[sync] Done!
[Wed May 27 07:00:02 CST 2026] 数据无变化，无需推送
[sync] Fetching Feishu token...
[sync] Fetching records from Bitable...
[sync] Formatting records...
[sync] Updating HTML file...
[sync] Updated with 68 records (2026-03-18 → 2026-05-27)
[sync] Done!
[Wed May 27 07:30:02 CST 2026] 数据无变化，无需推送
[sync] Fetching Feishu token...
[sync] Fetching records from Bitable...
[sync] Formatting records...
[sync] Updating HTML file...
[sync] Updated with 68 records (2026-03-18 → 2026-05-27)
[sync] Done!
[Wed May 27 08:00:02 CST 2026] 数据无变化，无需推送
[sync] Fetching Feishu token...
[sync] Fetching records from Bitable...
[sync] Formatting records...
[sync] Updating HTML file...
[sync] Updated with 68 records (2026-03-18 → 2026-05-27)
[sync] Done!
[Wed May 27 08:30:02 CST 2026] 数据无变化，无需推送
[sync] Fetching Feishu token...
[sync] Fetching records from Bitable...
[sync] Formatting records...
[sync] Updating HTML file...
[sync] Updated with 68 records (2026-03-18 → 2026-05-27)
[sync] Done!
[Wed May 27 09:00:02 CST 2026] 数据无变化，无需推送
[sync] Fetching Feishu token...
[sync] Fetching records from Bitable...
[sync] Formatting records...
[sync] Updating HTML file...
[sync] Updated with 68 records (2026-03-18 → 2026-05-27)
[sync] Done!
[Wed May 27 09:30:02 CST 2026] 数据无变化，无需推送
[sync] Fetching Feishu token...
[sync] Fetching records from Bitable...
[sync] Formatting records...
[sync] Updating HTML file...
[sync] Updated with 68 records (2026-03-18 → 2026-05-27)
[sync] Done!
[Wed May 27 10:00:02 CST 2026] 数据无变化，无需推送
[sync] Fetching Feishu token...
[sync] Fetching records from Bitable...
[sync] Formatting records...
[sync] Updating HTML file...
[sync] Updated with 68 records (2026-03-18 → 2026-05-27)
[sync] Done!
[Wed May 27 10:30:03 CST 2026] 数据无变化，无需推送
[sync] Fetching Feishu token...
[sync] Fetching records from Bitable...
[sync] Formatting records...
[sync] Updating HTML file...
[sync] Updated with 68 records (2026-03-18 → 2026-05-27)
[sync] Done!
[Wed May 27 11:00:02 CST 2026] 数据无变化，无需推送
[sync] Fetching Feishu token...
[sync] Fetching records from Bitable...
[sync] Formatting records...
[sync] Updating HTML file...
[sync] Updated with 68 records (2026-03-18 → 2026-05-27)
[sync] Done!
[Wed May 27 11:30:03 CST 2026] 数据无变化，无需推送
[sync] Fetching Feishu token...
[sync] Fetching records from Bitable...
[sync] Formatting records...
[sync] Updating HTML file...
[sync] Updated with 68 records (2026-03-18 → 2026-05-27)
[sync] Done!
[Wed May 27 12:00:03 CST 2026] 数据无变化，无需推送
[sync] Fetching Feishu token...
[sync] Fetching records from Bitable...
[sync] Formatting records...
[sync] Updating HTML file...
[sync] Updated with 68 records (2026-03-18 → 2026-05-27)
[sync] Done!
[Wed May 27 12:30:03 CST 2026] 数据无变化，无需推送
[sync] Fetching Feishu token...
[sync] Fetching records from Bitable...
[sync] Formatting records...
[sync] Updating HTML file...
[sync] Updated with 68 records (2026-03-18 → 2026-05-27)
[sync] Done!
[Wed May 27 13:00:02 CST 2026] 数据无变化，无需推送
[sync] Fetching Feishu token...
[sync] Fetching records from Bitable...
[sync] Formatting records...
[sync] Updating HTML file...
[sync] Updated with 68 records (2026-03-18 → 2026-05-27)
[sync] Done!
[Wed May 27 13:30:02 CST 2026] 数据无变化，无需推送
[sync] Fetching Feishu token...
[sync] Fetching records from Bitable...
[sync] Formatting records...
[sync] Updating HTML file...
[sync] Updated with 68 records (2026-03-18 → 2026-05-27)
[sync] Done!
[Wed May 27 14:00:02 CST 2026] 数据无变化，无需推送
[sync] Fetching Feishu token...
[sync] Fetching records from Bitable...
[sync] Formatting records...
[sync] Updating HTML file...
[sync] Updated with 68 records (2026-03-18 → 2026-05-27)
[sync] Done!
[Wed May 27 14:30:01 CST 2026] 数据无变化，无需推送
[sync] Fetching Feishu token...
[sync] Fetching records from Bitable...
[sync] Formatting records...
[sync] Updating HTML file...
[sync] Updated with 68 records (2026-03-18 → 2026-05-27)
[sync] Done!
[Wed May 27 15:00:02 CST 2026] 数据无变化，无需推送
[sync] Fetching Feishu token...
[sync] Fetching records from Bitable...
[sync] Formatting records...
[sync] Updating HTML file...
[sync] Updated with 68 records (2026-03-18 → 2026-05-27)
[sync] Done!
[Wed May 27 15:30:02 CST 2026] 数据无变化，无需推送
[sync] Fetching Feishu token...
[sync] Fetching records from Bitable...
[sync] Formatting records...
[sync] Updating HTML file...
[sync] Updated with 68 records (2026-03-18 → 2026-05-27)
[sync] Done!
[Wed May 27 16:00:03 CST 2026] 数据无变化，无需推送
[sync] Fetching Feishu token...
[sync] Fetching records from Bitable...
[sync] Formatting records...
[sync] Updating HTML file...
[sync] Updated with 68 records (2026-03-18 → 2026-05-27)
[sync] Done!
[Wed May 27 16:30:02 CST 2026] 数据无变化，无需推送
[sync] Fetching Feishu token...
[sync] Fetching records from Bitable...
[sync] Formatting records...
[sync] Updating HTML file...
[sync] Updated with 68 records (2026-03-18 → 2026-05-27)
[sync] Done!
[Wed May 27 17:00:03 CST 2026] 数据无变化，无需推送
[sync] Fetching Feishu token...
[sync] Fetching records from Bitable...
[sync] Formatting records...
[sync] Updating HTML file...
[sync] Updated with 68 records (2026-03-18 → 2026-05-27)
[sync] Done!
[Wed May 27 17:30:02 CST 2026] 数据无变化，无需推送
[sync] Fetching Feishu token...
[sync] Fetching records from Bitable...
[sync] Formatting records...
[sync] Updating HTML file...
[sync] Updated with 68 records (2026-03-18 → 2026-05-27)
[sync] Done!
[Wed May 27 18:00:03 CST 2026] 数据无变化，无需推送
[sync] Fetching Feishu token...
[sync] Fetching records from Bitable...
[sync] Formatting records...
[sync] Updating HTML file...
[sync] Updated with 68 records (2026-03-18 → 2026-05-27)
[sync] Done!
[Wed May 27 18:30:02 CST 2026] 数据无变化，无需推送
[sync] Fetching Feishu token...
[sync] Fetching records from Bitable...
[sync] Formatting records...
[sync] Updating HTML file...
[sync] Updated with 68 records (2026-03-18 → 2026-05-27)
[sync] Done!
[Wed May 27 19:00:02 CST 2026] 数据无变化，无需推送
[sync] Fetching Feishu token...
[sync] Fetching records from Bitable...
[sync] Formatting records...
[sync] Updating HTML file...
[sync] Updated with 68 records (2026-03-18 → 2026-05-27)
[sync] Done!
[Wed May 27 19:30:02 CST 2026] 数据无变化，无需推送
[sync] Fetching Feishu token...
[sync] Fetching records from Bitable...
[sync] Formatting records...
[sync] Updating HTML file...
[sync] Updated with 68 records (2026-03-18 → 2026-05-27)
[sync] Done!
[Wed May 27 20:00:02 CST 2026] 数据无变化，无需推送
[sync] Fetching Feishu token...
[sync] Fetching records from Bitable...
[sync] Formatting records...
[sync] Updating HTML file...
[sync] Updated with 68 records (2026-03-18 → 2026-05-27)
[sync] Done!
[Wed May 27 20:30:02 CST 2026] 数据无变化，无需推送
[sync] Fetching Feishu token...
[sync] Fetching records from Bitable...
[sync] Formatting records...
[sync] Updating HTML file...
[sync] Updated with 67 records (2026-03-18 → 2026-05-27)
[sync] Done!
[main 08eceff] Auto sync: 2026年05月27日 血压数据
 1 file changed, 1 deletion(-)
To github.com:sheachang2026/bp-trend-ZXY.git
   5844f62..08eceff  main -> main
[Wed May 27 21:00:12 CST 2026] 推送完成
[sync] Fetching Feishu token...
[sync] Fetching records from Bitable...
[sync] Formatting records...
[sync] Updating HTML file...
[sync] Updated with 68 records (2026-03-18 → 2026-05-27)
[sync] Done!
[main f72a124] Auto sync: 2026年05月27日 血压数据
 1 file changed, 1 insertion(+)
To github.com:sheachang2026/bp-trend-ZXY.git
   08eceff..f72a124  main -> main
[Wed May 27 21:30:11 CST 2026] 推送完成
[sync] Fetching Feishu token...
[sync] Fetching records from Bitable...
[sync] Formatting records...
[sync] Updating HTML file...
[sync] Updated with 68 records (2026-03-18 → 2026-05-27)
[sync] Done!
[Wed May 27 22:00:03 CST 2026] 数据无变化，无需推送
[sync] Fetching Feishu token...
[sync] Fetching records from Bitable...
[sync] Formatting records...
[sync] Updating HTML file...
[sync] Updated with 68 records (2026-03-18 → 2026-05-27)
[sync] Done!
[Wed May 27 22:30:02 CST 2026] 数据无变化，无需推送
[sync] Fetching Feishu token...
[sync] Fetching records from Bitable...
[sync] Formatting records...
[sync] Updating HTML file...
[sync] Updated with 68 records (2026-03-18 → 2026-05-27)
[sync] Done!
[Wed May 27 23:00:02 CST 2026] 数据无变化，无需推送
[sync] Fetching Feishu token...
[sync] Fetching records from Bitable...
[sync] Formatting records...
[sync] Updating HTML file...
[sync] Updated with 68 records (2026-03-18 → 2026-05-27)
[sync] Done!
[Wed May 27 23:30:02 CST 2026] 数据无变化，无需推送
[sync] Fetching Feishu token...
[sync] Fetching records from Bitable...
[sync] Formatting records...
[sync] Updating HTML file...
[sync] Updated with 68 records (2026-03-18 → 2026-05-27)
[sync] Done!
[Thu May 28 00:00:03 CST 2026] 数据无变化，无需推送
[sync] Fetching Feishu token...
[sync] Fetching records from Bitable...
[sync] Formatting records...
[sync] Updating HTML file...
[sync] Updated with 68 records (2026-03-18 → 2026-05-27)
[sync] Done!
[Thu May 28 00:30:03 CST 2026] 数据无变化，无需推送
[sync] Fetching Feishu token...
[sync] Fetching records from Bitable...
[sync] Formatting records...
[sync] Updating HTML file...
[sync] Updated with 68 records (2026-03-18 → 2026-05-27)
[sync] Done!
[Thu May 28 01:00:02 CST 2026] 数据无变化，无需推送
[sync] Fetching Feishu token...
[sync] Fetching records from Bitable...
[sync] Formatting records...
[sync] Updating HTML file...
[sync] Updated with 68 records (2026-03-18 → 2026-05-27)
[sync] Done!
[Thu May 28 01:30:01 CST 2026] 数据无变化，无需推送
[sync] Fetching Feishu token...
[sync] Fetching records from Bitable...
[sync] Formatting records...
[sync] Updating HTML file...
[sync] Updated with 68 records (2026-03-18 → 2026-05-27)
[sync] Done!
[Thu May 28 02:00:02 CST 2026] 数据无变化，无需推送
[sync] Fetching Feishu token...
[sync] Fetching records from Bitable...
[sync] Formatting records...
[sync] Updating HTML file...
[sync] Updated with 68 records (2026-03-18 → 2026-05-27)
[sync] Done!
[Thu May 28 02:30:02 CST 2026] 数据无变化，无需推送
[sync] Fetching Feishu token...
[sync] Fetching records from Bitable...
[sync] Formatting records...
[sync] Updating HTML file...
[sync] Updated with 68 records (2026-03-18 → 2026-05-27)
[sync] Done!
[Thu May 28 03:00:02 CST 2026] 数据无变化，无需推送
[sync] Fetching Feishu token...
[sync] Fetching records from Bitable...
[sync] Formatting records...
[sync] Updating HTML file...
[sync] Updated with 68 records (2026-03-18 → 2026-05-27)
[sync] Done!
[Thu May 28 03:30:01 CST 2026] 数据无变化，无需推送
[sync] Fetching Feishu token...
[sync] Fetching records from Bitable...
[sync] Formatting records...
[sync] Updating HTML file...
[sync] Updated with 68 records (2026-03-18 → 2026-05-27)
[sync] Done!
[Thu May 28 04:00:01 CST 2026] 数据无变化，无需推送
[sync] Fetching Feishu token...
[sync] Fetching records from Bitable...
[sync] Formatting records...
[sync] Updating HTML file...
[sync] Updated with 68 records (2026-03-18 → 2026-05-27)
[sync] Done!
[Thu May 28 04:30:02 CST 2026] 数据无变化，无需推送
[sync] Fetching Feishu token...
[sync] Fetching records from Bitable...
[sync] Formatting records...
[sync] Updating HTML file...
[sync] Updated with 68 records (2026-03-18 → 2026-05-27)
[sync] Done!
[Thu May 28 05:00:02 CST 2026] 数据无变化，无需推送
[sync] Fetching Feishu token...
[sync] Fetching records from Bitable...
[sync] Formatting records...
[sync] Updating HTML file...
[sync] Updated with 68 records (2026-03-18 → 2026-05-27)
[sync] Done!
[Thu May 28 05:30:02 CST 2026] 数据无变化，无需推送
[sync] Fetching Feishu token...
[sync] Fetching records from Bitable...
[sync] Formatting records...
[sync] Updating HTML file...
[sync] Updated with 68 records (2026-03-18 → 2026-05-27)
[sync] Done!
[Thu May 28 06:00:03 CST 2026] 数据无变化，无需推送
[sync] Fetching Feishu token...
[sync] Fetching records from Bitable...
[sync] Formatting records...
[sync] Updating HTML file...
[sync] Updated with 68 records (2026-03-18 → 2026-05-27)
[sync] Done!
[Thu May 28 06:30:02 CST 2026] 数据无变化，无需推送
[sync] Fetching Feishu token...
[sync] Fetching records from Bitable...
[sync] Formatting records...
[sync] Updating HTML file...
[sync] Updated with 67 records (2026-03-18 → 2026-05-26)
[sync] Done!
[main 542340d] Auto sync: 2026年05月28日 血压数据
 1 file changed, 1 insertion(+), 2 deletions(-)
To github.com:sheachang2026/bp-trend-ZXY.git
   f72a124..542340d  main -> main
[Thu May 28 07:00:07 CST 2026] 推送完成
[sync] Fetching Feishu token...
[sync] Fetching records from Bitable...
[sync] Formatting records...
[sync] Updating HTML file...
[sync] Updated with 69 records (2026-03-18 → 2026-05-28)
[sync] Done!
[main 3618069] Auto sync: 2026年05月28日 血压数据
 1 file changed, 1 insertion(+)
To github.com:sheachang2026/bp-trend-ZXY.git
   690563f..3618069  main -> main
[Thu May 28 07:30:07 CST 2026] 推送完成
[sync] Fetching Feishu token...
[sync] Fetching records from Bitable...
[sync] Formatting records...
[sync] Updating HTML file...
[sync] Updated with 69 records (2026-03-18 → 2026-05-28)
[sync] Done!
[Thu May 28 08:00:02 CST 2026] 数据无变化，无需推送
[sync] Fetching Feishu token...
[sync] Fetching records from Bitable...
[sync] Formatting records...
[sync] Updating HTML file...
[sync] Updated with 69 records (2026-03-18 → 2026-05-28)
[sync] Done!
[Thu May 28 08:30:01 CST 2026] 数据无变化，无需推送
[sync] Fetching Feishu token...
[sync] Fetching records from Bitable...
[sync] Formatting records...
[sync] Updating HTML file...
[sync] Updated with 69 records (2026-03-18 → 2026-05-28)
[sync] Done!
[Thu May 28 09:00:02 CST 2026] 数据无变化，无需推送
[sync] Fetching Feishu token...
[sync] Fetching records from Bitable...
[sync] Formatting records...
[sync] Updating HTML file...
[sync] Updated with 69 records (2026-03-18 → 2026-05-28)
[sync] Done!
[Thu May 28 09:30:03 CST 2026] 数据无变化，无需推送
[sync] Fetching Feishu token...
[sync] Fetching records from Bitable...
[sync] Formatting records...
[sync] Updating HTML file...
[sync] Updated with 69 records (2026-03-18 → 2026-05-28)
[sync] Done!
[Thu May 28 10:00:03 CST 2026] 数据无变化，无需推送
[sync] Fetching Feishu token...
[sync] Fetching records from Bitable...
[sync] Formatting records...
[sync] Updating HTML file...
[sync] Updated with 69 records (2026-03-18 → 2026-05-28)
[sync] Done!
[Thu May 28 10:30:01 CST 2026] 数据无变化，无需推送
[sync] Fetching Feishu token...
[sync] Fetching records from Bitable...
[sync] Formatting records...
[sync] Updating HTML file...
[sync] Updated with 69 records (2026-03-18 → 2026-05-28)
[sync] Done!
[Thu May 28 11:00:03 CST 2026] 数据无变化，无需推送
[sync] Fetching Feishu token...
[sync] Fetching records from Bitable...
[sync] Formatting records...
[sync] Updating HTML file...
[sync] Updated with 69 records (2026-03-18 → 2026-05-28)
[sync] Done!
[Thu May 28 11:30:02 CST 2026] 数据无变化，无需推送
[sync] Fetching Feishu token...
[sync] Fetching records from Bitable...
[sync] Formatting records...
[sync] Updating HTML file...
[sync] Updated with 69 records (2026-03-18 → 2026-05-28)
[sync] Done!
[Thu May 28 12:00:02 CST 2026] 数据无变化，无需推送
[sync] Fetching Feishu token...
[sync] Fetching records from Bitable...
[sync] Error: Feishu API error: {"code":1255002,"msg":"Something went wrong. Please contact technical support at https://applink.feishu.cn/client/helpdesk/open?id=6626260912531570952","error":{"log_id":"20260528123003E4E7C0AED1C162DEFF08","troubleshooter":"排查建议查看(Troubleshooting suggestions): https://open.feishu.cn/search?from=openapi&log_id=20260528123003E4E7C0AED1C162DEFF08&code=1255002&method_id=6965347212289540098"}}
[sync] Fetching Feishu token...
[sync] Fetching records from Bitable...
[sync] Formatting records...
[sync] Updating HTML file...
[sync] Updated with 69 records (2026-03-18 → 2026-05-28)
[sync] Done!
[Thu May 28 13:00:03 CST 2026] 数据无变化，无需推送
[sync] Fetching Feishu token...
[sync] Fetching records from Bitable...
[sync] Formatting records...
[sync] Updating HTML file...
[sync] Updated with 69 records (2026-03-18 → 2026-05-28)
[sync] Done!
[Thu May 28 13:30:02 CST 2026] 数据无变化，无需推送
[sync] Fetching Feishu token...
[sync] Fetching records from Bitable...
[sync] Formatting records...
[sync] Updating HTML file...
[sync] Updated with 69 records (2026-03-18 → 2026-05-28)
[sync] Done!
[Thu May 28 14:00:02 CST 2026] 数据无变化，无需推送
[sync] Fetching Feishu token...
[sync] Fetching records from Bitable...
[sync] Formatting records...
[sync] Updating HTML file...
[sync] Updated with 69 records (2026-03-18 → 2026-05-28)
[sync] Done!
[Thu May 28 14:30:03 CST 2026] 数据无变化，无需推送
[sync] Fetching Feishu token...
[sync] Fetching records from Bitable...
[sync] Formatting records...
[sync] Updating HTML file...
[sync] Updated with 69 records (2026-03-18 → 2026-05-28)
[sync] Done!
[Thu May 28 15:00:03 CST 2026] 数据无变化，无需推送
[sync] Fetching Feishu token...
[sync] Fetching records from Bitable...
[sync] Formatting records...
[sync] Updating HTML file...
[sync] Updated with 69 records (2026-03-18 → 2026-05-28)
[sync] Done!
[Thu May 28 15:30:03 CST 2026] 数据无变化，无需推送
[sync] Fetching Feishu token...
[sync] Fetching records from Bitable...
[sync] Formatting records...
[sync] Updating HTML file...
[sync] Updated with 69 records (2026-03-18 → 2026-05-28)
[sync] Done!
[Thu May 28 16:00:02 CST 2026] 数据无变化，无需推送
[sync] Fetching Feishu token...
[sync] Fetching records from Bitable...
[sync] Formatting records...
[sync] Updating HTML file...
[sync] Updated with 69 records (2026-03-18 → 2026-05-28)
[sync] Done!
[Thu May 28 16:30:02 CST 2026] 数据无变化，无需推送
[sync] Fetching Feishu token...
[sync] Fetching records from Bitable...
[sync] Formatting records...
[sync] Updating HTML file...
[sync] Updated with 69 records (2026-03-18 → 2026-05-28)
[sync] Done!
[Thu May 28 17:00:03 CST 2026] 数据无变化，无需推送
[sync] Fetching Feishu token...
[sync] Fetching records from Bitable...
[sync] Formatting records...
[sync] Updating HTML file...
[sync] Updated with 69 records (2026-03-18 → 2026-05-28)
[sync] Done!
[Thu May 28 17:30:02 CST 2026] 数据无变化，无需推送
[sync] Fetching Feishu token...
[sync] Fetching records from Bitable...
[sync] Formatting records...
[sync] Updating HTML file...
[sync] Updated with 69 records (2026-03-18 → 2026-05-28)
[sync] Done!
[Thu May 28 18:00:02 CST 2026] 数据无变化，无需推送
[sync] Fetching Feishu token...
[sync] Fetching records from Bitable...
[sync] Formatting records...
[sync] Updating HTML file...
[sync] Updated with 69 records (2026-03-18 → 2026-05-28)
[sync] Done!
[Thu May 28 18:30:03 CST 2026] 数据无变化，无需推送
[sync] Fetching Feishu token...
[sync] Fetching records from Bitable...
[sync] Formatting records...
[sync] Updating HTML file...
[sync] Updated with 69 records (2026-03-18 → 2026-05-28)
[sync] Done!
[Thu May 28 19:00:03 CST 2026] 数据无变化，无需推送
[sync] Fetching Feishu token...
[sync] Fetching records from Bitable...
[sync] Formatting records...
[sync] Updating HTML file...
[sync] Updated with 69 records (2026-03-18 → 2026-05-28)
[sync] Done!
[Thu May 28 19:30:02 CST 2026] 数据无变化，无需推送
[sync] Fetching Feishu token...
[sync] Fetching records from Bitable...
[sync] Formatting records...
[sync] Updating HTML file...
[sync] Updated with 69 records (2026-03-18 → 2026-05-28)
[sync] Done!
[Thu May 28 20:00:03 CST 2026] 数据无变化，无需推送
[sync] Fetching Feishu token...
[sync] Fetching records from Bitable...
[sync] Formatting records...
[sync] Updating HTML file...
[sync] Updated with 69 records (2026-03-18 → 2026-05-28)
[sync] Done!
[Thu May 28 20:30:02 CST 2026] 数据无变化，无需推送
[sync] Fetching Feishu token...
[sync] Fetching records from Bitable...
[sync] Formatting records...
[sync] Updating HTML file...
[sync] Updated with 69 records (2026-03-18 → 2026-05-28)
[sync] Done!
[Thu May 28 21:00:03 CST 2026] 数据无变化，无需推送
[sync] Fetching Feishu token...
[sync] Fetching records from Bitable...
[sync] Formatting records...
[sync] Updating HTML file...
[sync] Updated with 69 records (2026-03-18 → 2026-05-28)
[sync] Done!
[Thu May 28 21:30:01 CST 2026] 数据无变化，无需推送
[sync] Fetching Feishu token...
[sync] Fetching records from Bitable...
[sync] Formatting records...
[sync] Updating HTML file...
[sync] Updated with 69 records (2026-03-18 → 2026-05-28)
[sync] Done!
[Thu May 28 22:00:02 CST 2026] 数据无变化，无需推送
[sync] Fetching Feishu token...
[sync] Fetching records from Bitable...
[sync] Formatting records...
[sync] Updating HTML file...
[sync] Updated with 69 records (2026-03-18 → 2026-05-28)
[sync] Done!
[Thu May 28 22:30:03 CST 2026] 数据无变化，无需推送
[sync] Fetching Feishu token...
[sync] Fetching records from Bitable...
[sync] Formatting records...
[sync] Updating HTML file...
[sync] Updated with 69 records (2026-03-18 → 2026-05-28)
[sync] Done!
[Thu May 28 23:00:03 CST 2026] 数据无变化，无需推送
[sync] Fetching Feishu token...
[sync] Fetching records from Bitable...
[sync] Formatting records...
[sync] Updating HTML file...
[sync] Updated with 69 records (2026-03-18 → 2026-05-28)
[sync] Done!
[Thu May 28 23:30:05 CST 2026] 数据无变化，无需推送
[sync] Fetching Feishu token...
[sync] Fetching records from Bitable...
[sync] Formatting records...
[sync] Updating HTML file...
[sync] Updated with 69 records (2026-03-18 → 2026-05-28)
[sync] Done!
[Fri May 29 00:00:02 CST 2026] 数据无变化，无需推送
[sync] Fetching Feishu token...
[sync] Fetching records from Bitable...
[sync] Formatting records...
[sync] Updating HTML file...
[sync] Updated with 69 records (2026-03-18 → 2026-05-28)
[sync] Done!
[Fri May 29 00:30:01 CST 2026] 数据无变化，无需推送
[sync] Fetching Feishu token...
[sync] Fetching records from Bitable...
[sync] Formatting records...
[sync] Updating HTML file...
[sync] Updated with 69 records (2026-03-18 → 2026-05-28)
[sync] Done!
[Fri May 29 01:00:02 CST 2026] 数据无变化，无需推送
[sync] Fetching Feishu token...
[sync] Fetching records from Bitable...
[sync] Formatting records...
[sync] Updating HTML file...
[sync] Updated with 69 records (2026-03-18 → 2026-05-28)
[sync] Done!
[Fri May 29 01:30:03 CST 2026] 数据无变化，无需推送
[sync] Fetching Feishu token...
[sync] Fetching records from Bitable...
[sync] Formatting records...
[sync] Updating HTML file...
[sync] Updated with 69 records (2026-03-18 → 2026-05-28)
[sync] Done!
[Fri May 29 02:00:02 CST 2026] 数据无变化，无需推送
[sync] Fetching Feishu token...
[sync] Fetching records from Bitable...
[sync] Formatting records...
[sync] Updating HTML file...
[sync] Updated with 69 records (2026-03-18 → 2026-05-28)
[sync] Done!
[Fri May 29 02:30:02 CST 2026] 数据无变化，无需推送
[sync] Fetching Feishu token...
[sync] Fetching records from Bitable...
[sync] Formatting records...
[sync] Updating HTML file...
[sync] Updated with 69 records (2026-03-18 → 2026-05-28)
[sync] Done!
[Fri May 29 03:00:01 CST 2026] 数据无变化，无需推送
[sync] Fetching Feishu token...
[sync] Fetching records from Bitable...
[sync] Formatting records...
[sync] Updating HTML file...
[sync] Updated with 69 records (2026-03-18 → 2026-05-28)
[sync] Done!
[Fri May 29 03:30:02 CST 2026] 数据无变化，无需推送
[sync] Fetching Feishu token...
[sync] Fetching records from Bitable...
[sync] Formatting records...
[sync] Updating HTML file...
[sync] Updated with 69 records (2026-03-18 → 2026-05-28)
[sync] Done!
[Fri May 29 04:00:02 CST 2026] 数据无变化，无需推送
[sync] Fetching Feishu token...
[sync] Fetching records from Bitable...
[sync] Formatting records...
[sync] Updating HTML file...
[sync] Updated with 69 records (2026-03-18 → 2026-05-28)
[sync] Done!
[Fri May 29 04:30:02 CST 2026] 数据无变化，无需推送
[sync] Fetching Feishu token...
[sync] Fetching records from Bitable...
[sync] Formatting records...
[sync] Updating HTML file...
[sync] Updated with 69 records (2026-03-18 → 2026-05-28)
[sync] Done!
[Fri May 29 05:00:02 CST 2026] 数据无变化，无需推送
[sync] Fetching Feishu token...
[sync] Fetching records from Bitable...
[sync] Formatting records...
[sync] Updating HTML file...
[sync] Updated with 69 records (2026-03-18 → 2026-05-28)
[sync] Done!
[Fri May 29 05:30:02 CST 2026] 数据无变化，无需推送
[sync] Fetching Feishu token...
[sync] Fetching records from Bitable...
[sync] Formatting records...
[sync] Updating HTML file...
[sync] Updated with 69 records (2026-03-18 → 2026-05-28)
[sync] Done!
[Fri May 29 06:00:02 CST 2026] 数据无变化，无需推送
[sync] Fetching Feishu token...
[sync] Fetching records from Bitable...
[sync] Formatting records...
[sync] Updating HTML file...
[sync] Updated with 69 records (2026-03-18 → 2026-05-28)
[sync] Done!
[Fri May 29 06:30:02 CST 2026] 数据无变化，无需推送
[sync] Fetching Feishu token...
[sync] Fetching records from Bitable...
[sync] Formatting records...
[sync] Updating HTML file...
[sync] Updated with 70 records (2026-03-18 → 2026-05-29)
[sync] Done!
[Fri May 29 07:00:02 CST 2026] 数据无变化，无需推送
[sync] Fetching Feishu token...
[sync] Fetching records from Bitable...
[sync] Formatting records...
[sync] Updating HTML file...
[sync] Updated with 70 records (2026-03-18 → 2026-05-29)
[sync] Done!
[Fri May 29 07:30:02 CST 2026] 数据无变化，无需推送
[sync] Fetching Feishu token...
[sync] Fetching records from Bitable...
[sync] Formatting records...
[sync] Updating HTML file...
[sync] Updated with 70 records (2026-03-18 → 2026-05-29)
[sync] Done!
[Fri May 29 08:00:02 CST 2026] 数据无变化，无需推送
[sync] Fetching Feishu token...
[sync] Fetching records from Bitable...
[sync] Formatting records...
[sync] Updating HTML file...
[sync] Updated with 70 records (2026-03-18 → 2026-05-29)
[sync] Done!
[Fri May 29 08:30:01 CST 2026] 数据无变化，无需推送
[sync] Fetching Feishu token...
[sync] Fetching records from Bitable...
[sync] Formatting records...
[sync] Updating HTML file...
[sync] Updated with 70 records (2026-03-18 → 2026-05-29)
[sync] Done!
[Fri May 29 09:00:02 CST 2026] 数据无变化，无需推送
[sync] Fetching Feishu token...
[sync] Fetching records from Bitable...
[sync] Formatting records...
[sync] Updating HTML file...
[sync] Updated with 70 records (2026-03-18 → 2026-05-29)
[sync] Done!
[main 244586f] Auto sync: 2026年05月29日 血压数据
 1 file changed, 1 insertion(+), 1 deletion(-)
To github.com:sheachang2026/bp-trend-ZXY.git
   5a14caf..244586f  main -> main
[Fri May 29 09:30:07 CST 2026] 推送完成
[sync] Fetching Feishu token...
[sync] Fetching records from Bitable...
[sync] Formatting records...
[sync] Updating HTML file...
[sync] Updated with 70 records (2026-03-18 → 2026-05-29)
[sync] Done!
[main 70f3c82] Auto sync: 2026年05月29日 血压数据
 1 file changed, 1 insertion(+), 1 deletion(-)
To github.com:sheachang2026/bp-trend-ZXY.git
   244586f..70f3c82  main -> main
[Fri May 29 10:00:07 CST 2026] 推送完成
[sync] Fetching Feishu token...
[sync] Fetching records from Bitable...
[sync] Formatting records...
[sync] Updating HTML file...
[sync] Updated with 70 records (2026-03-18 → 2026-05-29)
[sync] Done!
[Fri May 29 10:30:03 CST 2026] 数据无变化，无需推送
[sync] Fetching Feishu token...
[sync] Fetching records from Bitable...
[sync] Formatting records...
[sync] Updating HTML file...
[sync] Updated with 70 records (2026-03-18 → 2026-05-29)
[sync] Done!
[Fri May 29 11:00:04 CST 2026] 数据无变化，无需推送
[sync] Fetching Feishu token...
[sync] Fetching records from Bitable...
[sync] Formatting records...
[sync] Updating HTML file...
[sync] Updated with 70 records (2026-03-18 → 2026-05-29)
[sync] Done!
[Fri May 29 11:30:03 CST 2026] 数据无变化，无需推送
[sync] Fetching Feishu token...
[sync] Fetching records from Bitable...
[sync] Formatting records...
[sync] Updating HTML file...
[sync] Updated with 70 records (2026-03-18 → 2026-05-29)
[sync] Done!
[Fri May 29 12:00:03 CST 2026] 数据无变化，无需推送
[sync] Fetching Feishu token...
[sync] Fetching records from Bitable...
[sync] Formatting records...
[sync] Updating HTML file...
[sync] Updated with 70 records (2026-03-18 → 2026-05-29)
[sync] Done!
[Fri May 29 12:30:02 CST 2026] 数据无变化，无需推送
[sync] Fetching Feishu token...
[sync] Fetching records from Bitable...
[sync] Formatting records...
[sync] Updating HTML file...
[sync] Updated with 70 records (2026-03-18 → 2026-05-29)
[sync] Done!
[Fri May 29 13:00:02 CST 2026] 数据无变化，无需推送
[sync] Fetching Feishu token...
[sync] Fetching records from Bitable...
[sync] Formatting records...
[sync] Updating HTML file...
[sync] Updated with 70 records (2026-03-18 → 2026-05-29)
[sync] Done!
[Fri May 29 13:30:01 CST 2026] 数据无变化，无需推送
[sync] Fetching Feishu token...
[sync] Fetching records from Bitable...
[sync] Formatting records...
[sync] Updating HTML file...
[sync] Updated with 70 records (2026-03-18 → 2026-05-29)
[sync] Done!
[Fri May 29 14:00:02 CST 2026] 数据无变化，无需推送
[sync] Fetching Feishu token...
[sync] Fetching records from Bitable...
[sync] Formatting records...
[sync] Updating HTML file...
[sync] Updated with 70 records (2026-03-18 → 2026-05-29)
[sync] Done!
[Fri May 29 14:30:03 CST 2026] 数据无变化，无需推送
[sync] Fetching Feishu token...
[sync] Fetching records from Bitable...
[sync] Formatting records...
[sync] Updating HTML file...
[sync] Updated with 70 records (2026-03-18 → 2026-05-29)
[sync] Done!
[Fri May 29 15:00:02 CST 2026] 数据无变化，无需推送
[sync] Fetching Feishu token...
[sync] Fetching records from Bitable...
[sync] Formatting records...
[sync] Updating HTML file...
[sync] Updated with 70 records (2026-03-18 → 2026-05-29)
[sync] Done!
[Fri May 29 15:30:02 CST 2026] 数据无变化，无需推送
[sync] Fetching Feishu token...
[sync] Fetching records from Bitable...
[sync] Formatting records...
[sync] Updating HTML file...
[sync] Updated with 70 records (2026-03-18 → 2026-05-29)
[sync] Done!
[Fri May 29 16:00:03 CST 2026] 数据无变化，无需推送
[sync] Fetching Feishu token...
[sync] Fetching records from Bitable...
[sync] Formatting records...
[sync] Updating HTML file...
[sync] Updated with 70 records (2026-03-18 → 2026-05-29)
[sync] Done!
[Fri May 29 16:30:02 CST 2026] 数据无变化，无需推送
[sync] Fetching Feishu token...
[sync] Fetching records from Bitable...
[sync] Formatting records...
[sync] Updating HTML file...
[sync] Updated with 70 records (2026-03-18 → 2026-05-29)
[sync] Done!
[Fri May 29 17:00:02 CST 2026] 数据无变化，无需推送
[sync] Fetching Feishu token...
[sync] Fetching records from Bitable...
[sync] Formatting records...
[sync] Updating HTML file...
[sync] Updated with 70 records (2026-03-18 → 2026-05-29)
[sync] Done!
[Fri May 29 17:30:02 CST 2026] 数据无变化，无需推送
[sync] Fetching Feishu token...
[sync] Fetching records from Bitable...
[sync] Formatting records...
[sync] Updating HTML file...
[sync] Updated with 70 records (2026-03-18 → 2026-05-29)
[sync] Done!
[Fri May 29 18:00:03 CST 2026] 数据无变化，无需推送
[sync] Fetching Feishu token...
[sync] Fetching records from Bitable...
[sync] Formatting records...
[sync] Updating HTML file...
[sync] Updated with 70 records (2026-03-18 → 2026-05-29)
[sync] Done!
[Fri May 29 18:30:02 CST 2026] 数据无变化，无需推送
[sync] Fetching Feishu token...
[sync] Fetching records from Bitable...
[sync] Formatting records...
[sync] Updating HTML file...
[sync] Updated with 70 records (2026-03-18 → 2026-05-29)
[sync] Done!
[Fri May 29 19:00:02 CST 2026] 数据无变化，无需推送
[sync] Fetching Feishu token...
[sync] Fetching records from Bitable...
[sync] Formatting records...
[sync] Updating HTML file...
[sync] Updated with 70 records (2026-03-18 → 2026-05-29)
[sync] Done!
[Fri May 29 19:30:01 CST 2026] 数据无变化，无需推送
[sync] Fetching Feishu token...
[sync] Fetching records from Bitable...
[sync] Formatting records...
[sync] Updating HTML file...
[sync] Updated with 70 records (2026-03-18 → 2026-05-29)
[sync] Done!
[Fri May 29 20:00:02 CST 2026] 数据无变化，无需推送
[sync] Fetching Feishu token...
[sync] Fetching records from Bitable...
[sync] Formatting records...
[sync] Updating HTML file...
[sync] Updated with 69 records (2026-03-18 → 2026-05-29)
[sync] Done!
[main 5574645] Auto sync: 2026年05月29日 血压数据
 1 file changed, 1 deletion(-)
To github.com:sheachang2026/bp-trend-ZXY.git
   70f3c82..5574645  main -> main
[Fri May 29 20:30:08 CST 2026] 推送完成
[sync] Fetching Feishu token...
[sync] Fetching records from Bitable...
[sync] Formatting records...
[sync] Updating HTML file...
[sync] Updated with 70 records (2026-03-18 → 2026-05-29)
[sync] Done!
[main 93b0bc0] Auto sync: 2026年05月29日 血压数据
 1 file changed, 1 insertion(+)
To github.com:sheachang2026/bp-trend-ZXY.git
   5574645..93b0bc0  main -> main
[Fri May 29 21:00:09 CST 2026] 推送完成
[sync] Fetching Feishu token...
[sync] Fetching records from Bitable...
[sync] Formatting records...
[sync] Updating HTML file...
[sync] Updated with 70 records (2026-03-18 → 2026-05-29)
[sync] Done!
[Fri May 29 21:30:03 CST 2026] 数据无变化，无需推送
[sync] Fetching Feishu token...
[sync] Fetching records from Bitable...
[sync] Formatting records...
[sync] Updating HTML file...
[sync] Updated with 70 records (2026-03-18 → 2026-05-29)
[sync] Done!
[Fri May 29 22:00:03 CST 2026] 数据无变化，无需推送
[sync] Fetching Feishu token...
[sync] Fetching records from Bitable...
[sync] Formatting records...
[sync] Updating HTML file...
[sync] Updated with 70 records (2026-03-18 → 2026-05-29)
[sync] Done!
[Fri May 29 22:30:02 CST 2026] 数据无变化，无需推送
[sync] Fetching Feishu token...
[sync] Fetching records from Bitable...
[sync] Formatting records...
[sync] Updating HTML file...
[sync] Updated with 70 records (2026-03-18 → 2026-05-29)
[sync] Done!
[Fri May 29 23:00:03 CST 2026] 数据无变化，无需推送
[sync] Fetching Feishu token...
[sync] Fetching records from Bitable...
[sync] Formatting records...
[sync] Updating HTML file...
[sync] Updated with 70 records (2026-03-18 → 2026-05-29)
[sync] Done!
[Fri May 29 23:30:05 CST 2026] 数据无变化，无需推送
[sync] Fetching Feishu token...
[sync] Fetching records from Bitable...
[sync] Formatting records...
[sync] Updating HTML file...
[sync] Updated with 70 records (2026-03-18 → 2026-05-29)
[sync] Done!
[Sat May 30 00:00:03 CST 2026] 数据无变化，无需推送
[sync] Fetching Feishu token...
[sync] Fetching records from Bitable...
[sync] Formatting records...
[sync] Updating HTML file...
[sync] Updated with 70 records (2026-03-18 → 2026-05-29)
[sync] Done!
[Sat May 30 00:30:02 CST 2026] 数据无变化，无需推送
[sync] Fetching Feishu token...
[sync] Fetching records from Bitable...
[sync] Formatting records...
[sync] Updating HTML file...
[sync] Updated with 70 records (2026-03-18 → 2026-05-29)
[sync] Done!
[Sat May 30 01:00:03 CST 2026] 数据无变化，无需推送
[sync] Fetching Feishu token...
[sync] Fetching records from Bitable...
[sync] Formatting records...
[sync] Updating HTML file...
[sync] Updated with 70 records (2026-03-18 → 2026-05-29)
[sync] Done!
[Sat May 30 01:30:02 CST 2026] 数据无变化，无需推送
[sync] Fetching Feishu token...
[sync] Fetching records from Bitable...
[sync] Formatting records...
[sync] Updating HTML file...
[sync] Updated with 70 records (2026-03-18 → 2026-05-29)
[sync] Done!
[Sat May 30 02:00:02 CST 2026] 数据无变化，无需推送
[sync] Fetching Feishu token...
[sync] Fetching records from Bitable...
[sync] Formatting records...
[sync] Updating HTML file...
[sync] Updated with 70 records (2026-03-18 → 2026-05-29)
[sync] Done!
[Sat May 30 02:30:02 CST 2026] 数据无变化，无需推送
[sync] Fetching Feishu token...
[sync] Fetching records from Bitable...
[sync] Formatting records...
[sync] Updating HTML file...
[sync] Updated with 70 records (2026-03-18 → 2026-05-29)
[sync] Done!
[Sat May 30 03:00:04 CST 2026] 数据无变化，无需推送
[sync] Fetching Feishu token...
[sync] Fetching records from Bitable...
[sync] Formatting records...
[sync] Updating HTML file...
[sync] Updated with 70 records (2026-03-18 → 2026-05-29)
[sync] Done!
[Sat May 30 03:30:02 CST 2026] 数据无变化，无需推送
[sync] Fetching Feishu token...
[sync] Fetching records from Bitable...
[sync] Formatting records...
[sync] Updating HTML file...
[sync] Updated with 70 records (2026-03-18 → 2026-05-29)
[sync] Done!
[Sat May 30 04:00:01 CST 2026] 数据无变化，无需推送
[sync] Fetching Feishu token...
[sync] Fetching records from Bitable...
[sync] Formatting records...
[sync] Updating HTML file...
[sync] Updated with 70 records (2026-03-18 → 2026-05-29)
[sync] Done!
[Sat May 30 04:30:01 CST 2026] 数据无变化，无需推送
[sync] Fetching Feishu token...
[sync] Fetching records from Bitable...
[sync] Formatting records...
[sync] Updating HTML file...
[sync] Updated with 70 records (2026-03-18 → 2026-05-29)
[sync] Done!
[Sat May 30 05:00:02 CST 2026] 数据无变化，无需推送
[sync] Fetching Feishu token...
[sync] Fetching records from Bitable...
[sync] Formatting records...
[sync] Updating HTML file...
[sync] Updated with 70 records (2026-03-18 → 2026-05-29)
[sync] Done!
[Sat May 30 05:30:02 CST 2026] 数据无变化，无需推送
[sync] Fetching Feishu token...
[sync] Fetching records from Bitable...
[sync] Formatting records...
[sync] Updating HTML file...
[sync] Updated with 70 records (2026-03-18 → 2026-05-29)
[sync] Done!
[Sat May 30 06:00:02 CST 2026] 数据无变化，无需推送
[sync] Fetching Feishu token...
[sync] Fetching records from Bitable...
[sync] Formatting records...
[sync] Updating HTML file...
[sync] Updated with 70 records (2026-03-18 → 2026-05-29)
[sync] Done!
[Sat May 30 06:30:02 CST 2026] 数据无变化，无需推送
[sync] Fetching Feishu token...
[sync] Fetching records from Bitable...
[sync] Formatting records...
[sync] Updating HTML file...
[sync] Updated with 70 records (2026-03-18 → 2026-05-29)
[sync] Done!
[Sat May 30 07:00:02 CST 2026] 数据无变化，无需推送
[sync] Fetching Feishu token...
[sync] Fetching records from Bitable...
[sync] Formatting records...
[sync] Updating HTML file...
[sync] Updated with 70 records (2026-03-18 → 2026-05-29)
[sync] Done!
[Sat May 30 07:30:02 CST 2026] 数据无变化，无需推送
[sync] Fetching Feishu token...
[sync] Fetching records from Bitable...
[sync] Formatting records...
[sync] Updating HTML file...
[sync] Updated with 70 records (2026-03-18 → 2026-05-29)
[sync] Done!
[Sat May 30 08:00:01 CST 2026] 数据无变化，无需推送
[sync] Fetching Feishu token...
[sync] Fetching records from Bitable...
[sync] Formatting records...
[sync] Updating HTML file...
[sync] Updated with 71 records (2026-03-18 → 2026-05-30)
[sync] Done!
[Sat May 30 08:30:02 CST 2026] 数据无变化，无需推送
[sync] Fetching Feishu token...
[sync] Fetching records from Bitable...
[sync] Formatting records...
[sync] Updating HTML file...
[sync] Updated with 71 records (2026-03-18 → 2026-05-30)
[sync] Done!
[Sat May 30 09:00:03 CST 2026] 数据无变化，无需推送
[sync] Fetching Feishu token...
[sync] Fetching records from Bitable...
[sync] Formatting records...
[sync] Updating HTML file...
[sync] Updated with 71 records (2026-03-18 → 2026-05-30)
[sync] Done!
[Sat May 30 09:30:02 CST 2026] 数据无变化，无需推送
[sync] Fetching Feishu token...
[sync] Fetching records from Bitable...
[sync] Formatting records...
[sync] Updating HTML file...
[sync] Updated with 71 records (2026-03-18 → 2026-05-30)
[sync] Done!
[Sat May 30 10:00:02 CST 2026] 数据无变化，无需推送
[sync] Fetching Feishu token...
[sync] Fetching records from Bitable...
[sync] Formatting records...
[sync] Updating HTML file...
[sync] Updated with 71 records (2026-03-18 → 2026-05-30)
[sync] Done!
[Sat May 30 10:30:02 CST 2026] 数据无变化，无需推送
[sync] Fetching Feishu token...
[sync] Fetching records from Bitable...
[sync] Formatting records...
[sync] Updating HTML file...
[sync] Updated with 71 records (2026-03-18 → 2026-05-30)
[sync] Done!
[Sat May 30 11:00:01 CST 2026] 数据无变化，无需推送
[sync] Fetching Feishu token...
[sync] Fetching records from Bitable...
[sync] Formatting records...
[sync] Updating HTML file...
[sync] Updated with 71 records (2026-03-18 → 2026-05-30)
[sync] Done!
[Sat May 30 11:30:02 CST 2026] 数据无变化，无需推送
[sync] Fetching Feishu token...
[sync] Fetching records from Bitable...
[sync] Formatting records...
[sync] Updating HTML file...
[sync] Updated with 71 records (2026-03-18 → 2026-05-30)
[sync] Done!
[Sat May 30 12:00:04 CST 2026] 数据无变化，无需推送
[sync] Fetching Feishu token...
[sync] Fetching records from Bitable...
[sync] Formatting records...
[sync] Updating HTML file...
[sync] Updated with 71 records (2026-03-18 → 2026-05-30)
[sync] Done!
[Sat May 30 12:30:03 CST 2026] 数据无变化，无需推送
[sync] Fetching Feishu token...
[sync] Fetching records from Bitable...
[sync] Formatting records...
[sync] Updating HTML file...
[sync] Updated with 71 records (2026-03-18 → 2026-05-30)
[sync] Done!
[Sat May 30 13:00:01 CST 2026] 数据无变化，无需推送
[sync] Fetching Feishu token...
[sync] Fetching records from Bitable...
[sync] Formatting records...
[sync] Updating HTML file...
[sync] Updated with 71 records (2026-03-18 → 2026-05-30)
[sync] Done!
[Sat May 30 13:30:01 CST 2026] 数据无变化，无需推送
[sync] Fetching Feishu token...
[sync] Fetching records from Bitable...
[sync] Formatting records...
[sync] Updating HTML file...
[sync] Updated with 71 records (2026-03-18 → 2026-05-30)
[sync] Done!
[Sat May 30 14:00:02 CST 2026] 数据无变化，无需推送
[sync] Fetching Feishu token...
[sync] Fetching records from Bitable...
[sync] Formatting records...
[sync] Updating HTML file...
[sync] Updated with 71 records (2026-03-18 → 2026-05-30)
[sync] Done!
[Sat May 30 14:30:01 CST 2026] 数据无变化，无需推送
[sync] Fetching Feishu token...
[sync] Fetching records from Bitable...
[sync] Formatting records...
[sync] Updating HTML file...
[sync] Updated with 71 records (2026-03-18 → 2026-05-30)
[sync] Done!
[Sat May 30 15:00:02 CST 2026] 数据无变化，无需推送
[sync] Fetching Feishu token...
[sync] Fetching records from Bitable...
[sync] Formatting records...
[sync] Updating HTML file...
[sync] Updated with 71 records (2026-03-18 → 2026-05-30)
[sync] Done!
[Sat May 30 15:30:02 CST 2026] 数据无变化，无需推送
[sync] Fetching Feishu token...
[sync] Fetching records from Bitable...
[sync] Formatting records...
[sync] Updating HTML file...
[sync] Updated with 71 records (2026-03-18 → 2026-05-30)
[sync] Done!
[Sat May 30 16:00:02 CST 2026] 数据无变化，无需推送
[sync] Fetching Feishu token...
[sync] Fetching records from Bitable...
[sync] Formatting records...
[sync] Updating HTML file...
[sync] Updated with 71 records (2026-03-18 → 2026-05-30)
[sync] Done!
[Sat May 30 16:30:03 CST 2026] 数据无变化，无需推送
[sync] Fetching Feishu token...
[sync] Fetching records from Bitable...
[sync] Formatting records...
[sync] Updating HTML file...
[sync] Updated with 71 records (2026-03-18 → 2026-05-30)
[sync] Done!
[Sat May 30 17:00:02 CST 2026] 数据无变化，无需推送
[sync] Fetching Feishu token...
[sync] Fetching records from Bitable...
[sync] Formatting records...
[sync] Updating HTML file...
[sync] Updated with 71 records (2026-03-18 → 2026-05-30)
[sync] Done!
[Sat May 30 17:30:02 CST 2026] 数据无变化，无需推送
[sync] Fetching Feishu token...
[sync] Fetching records from Bitable...
[sync] Formatting records...
[sync] Updating HTML file...
[sync] Updated with 71 records (2026-03-18 → 2026-05-30)
[sync] Done!
[Sat May 30 18:00:02 CST 2026] 数据无变化，无需推送
[sync] Fetching Feishu token...
[sync] Fetching records from Bitable...
[sync] Formatting records...
[sync] Updating HTML file...
[sync] Updated with 71 records (2026-03-18 → 2026-05-30)
[sync] Done!
[Sat May 30 18:30:04 CST 2026] 数据无变化，无需推送
[sync] Fetching Feishu token...
[sync] Fetching records from Bitable...
[sync] Formatting records...
[sync] Updating HTML file...
[sync] Updated with 71 records (2026-03-18 → 2026-05-30)
[sync] Done!
[Sat May 30 19:00:01 CST 2026] 数据无变化，无需推送
[sync] Fetching Feishu token...
[sync] Fetching records from Bitable...
[sync] Formatting records...
[sync] Updating HTML file...
[sync] Updated with 71 records (2026-03-18 → 2026-05-30)
[sync] Done!
[Sat May 30 19:30:03 CST 2026] 数据无变化，无需推送
[sync] Fetching Feishu token...
[sync] Fetching records from Bitable...
[sync] Formatting records...
[sync] Updating HTML file...
[sync] Updated with 71 records (2026-03-18 → 2026-05-30)
[sync] Done!
[Sat May 30 20:00:02 CST 2026] 数据无变化，无需推送
[sync] Fetching Feishu token...
[sync] Fetching records from Bitable...
[sync] Formatting records...
[sync] Updating HTML file...
[sync] Updated with 71 records (2026-03-18 → 2026-05-30)
[sync] Done!
[Sat May 30 20:30:03 CST 2026] 数据无变化，无需推送
[sync] Fetching Feishu token...
[sync] Fetching records from Bitable...
[sync] Formatting records...
[sync] Updating HTML file...
[sync] Updated with 71 records (2026-03-18 → 2026-05-30)
[sync] Done!
[Sat May 30 21:00:03 CST 2026] 数据无变化，无需推送
[sync] Fetching Feishu token...
[sync] Fetching records from Bitable...
[sync] Formatting records...
[sync] Updating HTML file...
[sync] Updated with 71 records (2026-03-18 → 2026-05-30)
[sync] Done!
[Sat May 30 21:30:02 CST 2026] 数据无变化，无需推送
[sync] Fetching Feishu token...
[sync] Fetching records from Bitable...
[sync] Formatting records...
[sync] Updating HTML file...
[sync] Updated with 71 records (2026-03-18 → 2026-05-30)
[sync] Done!
[Sat May 30 22:00:04 CST 2026] 数据无变化，无需推送
[sync] Fetching Feishu token...
[sync] Fetching records from Bitable...
[sync] Formatting records...
[sync] Updating HTML file...
[sync] Updated with 71 records (2026-03-18 → 2026-05-30)
[sync] Done!
[Sat May 30 22:30:02 CST 2026] 数据无变化，无需推送
[sync] Fetching Feishu token...
[sync] Fetching records from Bitable...
[sync] Formatting records...
[sync] Updating HTML file...
[sync] Updated with 71 records (2026-03-18 → 2026-05-30)
[sync] Done!
[Sat May 30 23:00:02 CST 2026] 数据无变化，无需推送
[sync] Fetching Feishu token...
[sync] Fetching records from Bitable...
[sync] Formatting records...
[sync] Updating HTML file...
[sync] Updated with 71 records (2026-03-18 → 2026-05-30)
[sync] Done!
[Sat May 30 23:30:02 CST 2026] 数据无变化，无需推送
[sync] Fetching Feishu token...
[sync] Fetching records from Bitable...
[sync] Formatting records...
[sync] Updating HTML file...
[sync] Updated with 71 records (2026-03-18 → 2026-05-30)
[sync] Done!
[Sun May 31 00:00:02 CST 2026] 数据无变化，无需推送
[sync] Fetching Feishu token...
[sync] Fetching records from Bitable...
[sync] Formatting records...
[sync] Updating HTML file...
[sync] Updated with 71 records (2026-03-18 → 2026-05-30)
[sync] Done!
[Sun May 31 00:30:02 CST 2026] 数据无变化，无需推送
[sync] Fetching Feishu token...
[sync] Fetching records from Bitable...
[sync] Formatting records...
[sync] Updating HTML file...
[sync] Updated with 71 records (2026-03-18 → 2026-05-30)
[sync] Done!
[Sun May 31 01:00:03 CST 2026] 数据无变化，无需推送
[sync] Fetching Feishu token...
[sync] Fetching records from Bitable...
[sync] Formatting records...
[sync] Updating HTML file...
[sync] Updated with 71 records (2026-03-18 → 2026-05-30)
[sync] Done!
[Sun May 31 01:30:01 CST 2026] 数据无变化，无需推送
[sync] Fetching Feishu token...
[sync] Fetching records from Bitable...
[sync] Formatting records...
[sync] Updating HTML file...
[sync] Updated with 71 records (2026-03-18 → 2026-05-30)
[sync] Done!
[Sun May 31 02:00:01 CST 2026] 数据无变化，无需推送
[sync] Fetching Feishu token...
[sync] Fetching records from Bitable...
[sync] Formatting records...
[sync] Updating HTML file...
[sync] Updated with 71 records (2026-03-18 → 2026-05-30)
[sync] Done!
[Sun May 31 02:30:02 CST 2026] 数据无变化，无需推送
[sync] Fetching Feishu token...
[sync] Fetching records from Bitable...
[sync] Formatting records...
[sync] Updating HTML file...
[sync] Updated with 71 records (2026-03-18 → 2026-05-30)
[sync] Done!
[Sun May 31 03:00:02 CST 2026] 数据无变化，无需推送
[sync] Fetching Feishu token...
[sync] Fetching records from Bitable...
[sync] Formatting records...
[sync] Updating HTML file...
[sync] Updated with 71 records (2026-03-18 → 2026-05-30)
[sync] Done!
[Sun May 31 03:30:02 CST 2026] 数据无变化，无需推送
[sync] Fetching Feishu token...
[sync] Fetching records from Bitable...
[sync] Formatting records...
[sync] Updating HTML file...
[sync] Updated with 71 records (2026-03-18 → 2026-05-30)
[sync] Done!
[Sun May 31 04:00:02 CST 2026] 数据无变化，无需推送
[sync] Fetching Feishu token...
[sync] Fetching records from Bitable...
[sync] Formatting records...
[sync] Updating HTML file...
[sync] Updated with 71 records (2026-03-18 → 2026-05-30)
[sync] Done!
[Sun May 31 04:30:02 CST 2026] 数据无变化，无需推送
[sync] Fetching Feishu token...
[sync] Fetching records from Bitable...
[sync] Formatting records...
[sync] Updating HTML file...
[sync] Updated with 71 records (2026-03-18 → 2026-05-30)
[sync] Done!
[Sun May 31 05:00:02 CST 2026] 数据无变化，无需推送
[sync] Fetching Feishu token...
[sync] Fetching records from Bitable...
[sync] Formatting records...
[sync] Updating HTML file...
[sync] Updated with 71 records (2026-03-18 → 2026-05-30)
[sync] Done!
[Sun May 31 05:30:02 CST 2026] 数据无变化，无需推送
[sync] Fetching Feishu token...
[sync] Fetching records from Bitable...
[sync] Formatting records...
[sync] Updating HTML file...
[sync] Updated with 71 records (2026-03-18 → 2026-05-30)
[sync] Done!
[Sun May 31 06:00:02 CST 2026] 数据无变化，无需推送
[sync] Fetching Feishu token...
[sync] Fetching records from Bitable...
[sync] Formatting records...
[sync] Updating HTML file...
[sync] Updated with 71 records (2026-03-18 → 2026-05-30)
[sync] Done!
[Sun May 31 06:30:01 CST 2026] 数据无变化，无需推送
[sync] Fetching Feishu token...
[sync] Fetching records from Bitable...
[sync] Formatting records...
[sync] Updating HTML file...
[sync] Updated with 71 records (2026-03-18 → 2026-05-30)
[sync] Done!
[Sun May 31 07:00:02 CST 2026] 数据无变化，无需推送
[sync] Fetching Feishu token...
[sync] Fetching records from Bitable...
[sync] Formatting records...
[sync] Updating HTML file...
[sync] Updated with 71 records (2026-03-18 → 2026-05-30)
[sync] Done!
[Sun May 31 07:30:01 CST 2026] 数据无变化，无需推送
[sync] Fetching Feishu token...
[sync] Fetching records from Bitable...
[sync] Formatting records...
[sync] Updating HTML file...
[sync] Updated with 71 records (2026-03-18 → 2026-05-30)
[sync] Done!
[Sun May 31 08:00:02 CST 2026] 数据无变化，无需推送
[sync] Fetching Feishu token...
[sync] Fetching records from Bitable...
[sync] Formatting records...
[sync] Updating HTML file...
[sync] Updated with 71 records (2026-03-18 → 2026-05-30)
[sync] Done!
[Sun May 31 08:30:01 CST 2026] 数据无变化，无需推送
[sync] Fetching Feishu token...
[sync] Fetching records from Bitable...
[sync] Formatting records...
[sync] Updating HTML file...
[sync] Updated with 71 records (2026-03-18 → 2026-05-30)
[sync] Done!
[Sun May 31 09:00:02 CST 2026] 数据无变化，无需推送
[sync] Fetching Feishu token...
[sync] Fetching records from Bitable...
[sync] Formatting records...
[sync] Updating HTML file...
[sync] Updated with 71 records (2026-03-18 → 2026-05-30)
[sync] Done!
[Sun May 31 09:30:02 CST 2026] 数据无变化，无需推送
[sync] Fetching Feishu token...
[sync] Fetching records from Bitable...
[sync] Formatting records...
[sync] Updating HTML file...
[sync] Updated with 71 records (2026-03-18 → 2026-05-30)
[sync] Done!
[Sun May 31 10:00:01 CST 2026] 数据无变化，无需推送
[sync] Fetching Feishu token...
[sync] Fetching records from Bitable...
[sync] Formatting records...
[sync] Updating HTML file...
[sync] Updated with 71 records (2026-03-18 → 2026-05-30)
[sync] Done!
[Sun May 31 10:30:03 CST 2026] 数据无变化，无需推送
[sync] Fetching Feishu token...
[sync] Fetching records from Bitable...
[sync] Formatting records...
[sync] Updating HTML file...
[sync] Updated with 71 records (2026-03-18 → 2026-05-30)
[sync] Done!
[Sun May 31 11:00:02 CST 2026] 数据无变化，无需推送
[sync] Fetching Feishu token...
[sync] Fetching records from Bitable...
[sync] Formatting records...
[sync] Updating HTML file...
[sync] Updated with 71 records (2026-03-18 → 2026-05-30)
[sync] Done!
[Sun May 31 11:30:02 CST 2026] 数据无变化，无需推送
[sync] Fetching Feishu token...
[sync] Fetching records from Bitable...
[sync] Formatting records...
[sync] Updating HTML file...
[sync] Updated with 71 records (2026-03-18 → 2026-05-30)
[sync] Done!
[Sun May 31 12:00:02 CST 2026] 数据无变化，无需推送
[sync] Fetching Feishu token...
[sync] Fetching records from Bitable...
[sync] Formatting records...
[sync] Updating HTML file...
[sync] Updated with 71 records (2026-03-18 → 2026-05-30)
[sync] Done!
[Sun May 31 12:30:03 CST 2026] 数据无变化，无需推送
[sync] Fetching Feishu token...
[sync] Fetching records from Bitable...
[sync] Formatting records...
[sync] Updating HTML file...
[sync] Updated with 71 records (2026-03-18 → 2026-05-30)
[sync] Done!
[Sun May 31 13:00:02 CST 2026] 数据无变化，无需推送
[sync] Fetching Feishu token...
[sync] Fetching records from Bitable...
[sync] Formatting records...
[sync] Updating HTML file...
[sync] Updated with 71 records (2026-03-18 → 2026-05-30)
[sync] Done!
[Sun May 31 13:30:03 CST 2026] 数据无变化，无需推送
[sync] Fetching Feishu token...
[sync] Fetching records from Bitable...
[sync] Formatting records...
[sync] Updating HTML file...
[sync] Updated with 71 records (2026-03-18 → 2026-05-30)
[sync] Done!
[Sun May 31 14:00:03 CST 2026] 数据无变化，无需推送
[sync] Fetching Feishu token...
[sync] Fetching records from Bitable...
[sync] Formatting records...
[sync] Updating HTML file...
[sync] Updated with 71 records (2026-03-18 → 2026-05-30)
[sync] Done!
[Sun May 31 14:30:02 CST 2026] 数据无变化，无需推送
[sync] Fetching Feishu token...
[sync] Fetching records from Bitable...
[sync] Formatting records...
[sync] Updating HTML file...
[sync] Updated with 71 records (2026-03-18 → 2026-05-30)
[sync] Done!
[Sun May 31 15:00:02 CST 2026] 数据无变化，无需推送
[sync] Fetching Feishu token...
[sync] Fetching records from Bitable...
[sync] Formatting records...
[sync] Updating HTML file...
[sync] Updated with 71 records (2026-03-18 → 2026-05-30)
[sync] Done!
[Sun May 31 15:30:01 CST 2026] 数据无变化，无需推送
[sync] Fetching Feishu token...
[sync] Fetching records from Bitable...
[sync] Formatting records...
[sync] Updating HTML file...
[sync] Updated with 71 records (2026-03-18 → 2026-05-30)
[sync] Done!
[Sun May 31 16:00:03 CST 2026] 数据无变化，无需推送
[sync] Fetching Feishu token...
[sync] Fetching records from Bitable...
[sync] Formatting records...
[sync] Updating HTML file...
[sync] Updated with 71 records (2026-03-18 → 2026-05-30)
[sync] Done!
[Sun May 31 16:30:01 CST 2026] 数据无变化，无需推送
[sync] Fetching Feishu token...
[sync] Fetching records from Bitable...
[sync] Formatting records...
[sync] Updating HTML file...
[sync] Updated with 71 records (2026-03-18 → 2026-05-30)
[sync] Done!
[Sun May 31 17:00:02 CST 2026] 数据无变化，无需推送
[sync] Fetching Feishu token...
[sync] Fetching records from Bitable...
[sync] Formatting records...
[sync] Updating HTML file...
[sync] Updated with 71 records (2026-03-18 → 2026-05-30)
[sync] Done!
[Sun May 31 17:30:03 CST 2026] 数据无变化，无需推送
[sync] Fetching Feishu token...
[sync] Fetching records from Bitable...
[sync] Formatting records...
[sync] Updating HTML file...
[sync] Updated with 71 records (2026-03-18 → 2026-05-30)
[sync] Done!
[Sun May 31 18:00:02 CST 2026] 数据无变化，无需推送
[sync] Fetching Feishu token...
[sync] Fetching records from Bitable...
[sync] Formatting records...
[sync] Updating HTML file...
[sync] Updated with 71 records (2026-03-18 → 2026-05-30)
[sync] Done!
[Sun May 31 18:30:01 CST 2026] 数据无变化，无需推送
[sync] Fetching Feishu token...
[sync] Fetching records from Bitable...
[sync] Formatting records...
[sync] Updating HTML file...
[sync] Updated with 71 records (2026-03-18 → 2026-05-30)
[sync] Done!
[Sun May 31 19:00:02 CST 2026] 数据无变化，无需推送
[sync] Fetching Feishu token...
[sync] Fetching records from Bitable...
[sync] Formatting records...
[sync] Updating HTML file...
[sync] Updated with 71 records (2026-03-18 → 2026-05-30)
[sync] Done!
[Sun May 31 19:30:03 CST 2026] 数据无变化，无需推送
[sync] Fetching Feishu token...
[sync] Fetching records from Bitable...
[sync] Formatting records...
[sync] Updating HTML file...
[sync] Updated with 71 records (2026-03-18 → 2026-05-30)
[sync] Done!
[Sun May 31 20:00:03 CST 2026] 数据无变化，无需推送
[sync] Fetching Feishu token...
[sync] Fetching records from Bitable...
[sync] Formatting records...
[sync] Updating HTML file...
[sync] Updated with 71 records (2026-03-18 → 2026-05-30)
[sync] Done!
[Sun May 31 20:30:04 CST 2026] 数据无变化，无需推送
[sync] Fetching Feishu token...
[sync] Fetching records from Bitable...
[sync] Formatting records...
[sync] Updating HTML file...
[sync] Updated with 71 records (2026-03-18 → 2026-05-30)
[sync] Done!
[Sun May 31 21:00:04 CST 2026] 数据无变化，无需推送
[sync] Fetching Feishu token...
[sync] Fetching records from Bitable...
[sync] Formatting records...
[sync] Updating HTML file...
[sync] Updated with 71 records (2026-03-18 → 2026-05-30)
[sync] Done!
[Sun May 31 21:30:05 CST 2026] 数据无变化，无需推送
[sync] Fetching Feishu token...
[sync] Fetching records from Bitable...
[sync] Formatting records...
[sync] Updating HTML file...
[sync] Updated with 71 records (2026-03-18 → 2026-05-30)
[sync] Done!
[Sun May 31 22:00:02 CST 2026] 数据无变化，无需推送
[sync] Fetching Feishu token...
[sync] Fetching records from Bitable...
[sync] Formatting records...
[sync] Updating HTML file...
[sync] Updated with 71 records (2026-03-18 → 2026-05-30)
[sync] Done!
[Sun May 31 22:30:03 CST 2026] 数据无变化，无需推送
[sync] Fetching Feishu token...
[sync] Fetching records from Bitable...
[sync] Formatting records...
[sync] Updating HTML file...
[sync] Updated with 71 records (2026-03-18 → 2026-05-30)
[sync] Done!
[Sun May 31 23:00:03 CST 2026] 数据无变化，无需推送
[sync] Fetching Feishu token...
[sync] Fetching records from Bitable...
[sync] Formatting records...
[sync] Updating HTML file...
[sync] Updated with 71 records (2026-03-18 → 2026-05-30)
[sync] Done!
[Sun May 31 23:30:02 CST 2026] 数据无变化，无需推送
[sync] Fetching Feishu token...
[sync] Fetching records from Bitable...
[sync] Formatting records...
[sync] Updating HTML file...
[sync] Updated with 71 records (2026-03-18 → 2026-05-30)
[sync] Done!
[Mon Jun  1 00:00:01 CST 2026] 数据无变化，无需推送
[sync] Fetching Feishu token...
[sync] Fetching records from Bitable...
[sync] Formatting records...
[sync] Updating HTML file...
[sync] Updated with 71 records (2026-03-18 → 2026-05-30)
[sync] Done!
[Mon Jun  1 00:30:05 CST 2026] 数据无变化，无需推送
[sync] Fetching Feishu token...
[sync] Fetching records from Bitable...
[sync] Formatting records...
[sync] Updating HTML file...
[sync] Updated with 71 records (2026-03-18 → 2026-05-30)
[sync] Done!
[Mon Jun  1 01:00:02 CST 2026] 数据无变化，无需推送
[sync] Fetching Feishu token...
[sync] Fetching records from Bitable...
[sync] Formatting records...
[sync] Updating HTML file...
[sync] Updated with 71 records (2026-03-18 → 2026-05-30)
[sync] Done!
[Mon Jun  1 01:30:02 CST 2026] 数据无变化，无需推送
[sync] Fetching Feishu token...
[sync] Fetching records from Bitable...
[sync] Formatting records...
[sync] Updating HTML file...
[sync] Updated with 71 records (2026-03-18 → 2026-05-30)
[sync] Done!
[Mon Jun  1 02:00:02 CST 2026] 数据无变化，无需推送
[sync] Fetching Feishu token...
[sync] Fetching records from Bitable...
[sync] Formatting records...
[sync] Updating HTML file...
[sync] Updated with 71 records (2026-03-18 → 2026-05-30)
[sync] Done!
[Mon Jun  1 02:30:02 CST 2026] 数据无变化，无需推送
[sync] Fetching Feishu token...
[sync] Fetching records from Bitable...
[sync] Formatting records...
[sync] Updating HTML file...
[sync] Updated with 71 records (2026-03-18 → 2026-05-30)
[sync] Done!
[Mon Jun  1 03:00:02 CST 2026] 数据无变化，无需推送
[sync] Fetching Feishu token...
[sync] Fetching records from Bitable...
[sync] Formatting records...
[sync] Updating HTML file...
[sync] Updated with 71 records (2026-03-18 → 2026-05-30)
[sync] Done!
[Mon Jun  1 03:30:02 CST 2026] 数据无变化，无需推送
[sync] Fetching Feishu token...
[sync] Fetching records from Bitable...
[sync] Formatting records...
[sync] Updating HTML file...
[sync] Updated with 71 records (2026-03-18 → 2026-05-30)
[sync] Done!
[Mon Jun  1 04:00:02 CST 2026] 数据无变化，无需推送
[sync] Fetching Feishu token...
[sync] Fetching records from Bitable...
[sync] Formatting records...
[sync] Updating HTML file...
[sync] Updated with 71 records (2026-03-18 → 2026-05-30)
[sync] Done!
[Mon Jun  1 04:30:02 CST 2026] 数据无变化，无需推送
[sync] Fetching Feishu token...
[sync] Fetching records from Bitable...
[sync] Formatting records...
[sync] Updating HTML file...
[sync] Updated with 71 records (2026-03-18 → 2026-05-30)
[sync] Done!
[Mon Jun  1 05:00:03 CST 2026] 数据无变化，无需推送
[sync] Fetching Feishu token...
[sync] Fetching records from Bitable...
[sync] Formatting records...
[sync] Updating HTML file...
[sync] Updated with 71 records (2026-03-18 → 2026-05-30)
[sync] Done!
[Mon Jun  1 05:30:01 CST 2026] 数据无变化，无需推送
[sync] Fetching Feishu token...
[sync] Fetching records from Bitable...
[sync] Formatting records...
[sync] Updating HTML file...
[sync] Updated with 71 records (2026-03-18 → 2026-05-30)
[sync] Done!
[Mon Jun  1 06:00:02 CST 2026] 数据无变化，无需推送
[sync] Fetching Feishu token...
[sync] Fetching records from Bitable...
[sync] Formatting records...
[sync] Updating HTML file...
[sync] Updated with 71 records (2026-03-18 → 2026-05-30)
[sync] Done!
[Mon Jun  1 06:30:02 CST 2026] 数据无变化，无需推送
[sync] Fetching Feishu token...
[sync] Fetching records from Bitable...
[sync] Formatting records...
[sync] Updating HTML file...
[sync] Updated with 71 records (2026-03-18 → 2026-05-30)
[sync] Done!
[Mon Jun  1 07:00:01 CST 2026] 数据无变化，无需推送
[sync] Fetching Feishu token...
[sync] Fetching records from Bitable...
[sync] Formatting records...
[sync] Updating HTML file...
[sync] Updated with 71 records (2026-03-18 → 2026-05-30)
[sync] Done!
[Mon Jun  1 07:30:03 CST 2026] 数据无变化，无需推送
[sync] Fetching Feishu token...
[sync] Fetching records from Bitable...
[sync] Formatting records...
[sync] Updating HTML file...
[sync] Updated with 72 records (2026-03-18 → 2026-06-01)
[sync] Done!
[main 6889da1] Auto sync: 2026年06月01日 血压数据
 1 file changed, 2 insertions(+), 1 deletion(-)
To github.com:sheachang2026/bp-trend-ZXY.git
   6e89969..6889da1  main -> main
[Mon Jun  1 08:00:08 CST 2026] 推送完成
[sync] Fetching Feishu token...
[sync] Fetching records from Bitable...
[sync] Formatting records...
[sync] Updating HTML file...
[sync] Updated with 72 records (2026-03-18 → 2026-06-01)
[sync] Done!
[Mon Jun  1 08:30:02 CST 2026] 数据无变化，无需推送
[sync] Fetching Feishu token...
[sync] Fetching records from Bitable...
[sync] Formatting records...
[sync] Updating HTML file...
[sync] Updated with 72 records (2026-03-18 → 2026-06-01)
[sync] Done!
[Mon Jun  1 09:00:02 CST 2026] 数据无变化，无需推送
[sync] Fetching Feishu token...
[sync] Fetching records from Bitable...
[sync] Formatting records...
[sync] Updating HTML file...
[sync] Updated with 72 records (2026-03-18 → 2026-06-01)
[sync] Done!
[Mon Jun  1 09:30:02 CST 2026] 数据无变化，无需推送
[sync] Fetching Feishu token...
[sync] Fetching records from Bitable...
[sync] Formatting records...
[sync] Updating HTML file...
[sync] Updated with 72 records (2026-03-18 → 2026-06-01)
[sync] Done!
[Mon Jun  1 10:00:03 CST 2026] 数据无变化，无需推送
[sync] Fetching Feishu token...
[sync] Fetching records from Bitable...
[sync] Formatting records...
[sync] Updating HTML file...
[sync] Updated with 72 records (2026-03-18 → 2026-06-01)
[sync] Done!
[Mon Jun  1 10:30:03 CST 2026] 数据无变化，无需推送
[sync] Fetching Feishu token...
[sync] Fetching records from Bitable...
[sync] Formatting records...
[sync] Updating HTML file...
[sync] Updated with 72 records (2026-03-18 → 2026-06-01)
[sync] Done!
[Mon Jun  1 11:00:02 CST 2026] 数据无变化，无需推送
[sync] Fetching Feishu token...
[sync] Fetching records from Bitable...
[sync] Formatting records...
[sync] Updating HTML file...
[sync] Updated with 72 records (2026-03-18 → 2026-06-01)
[sync] Done!
[Mon Jun  1 11:30:03 CST 2026] 数据无变化，无需推送
[sync] Fetching Feishu token...
[sync] Fetching records from Bitable...
[sync] Formatting records...
[sync] Updating HTML file...
[sync] Updated with 72 records (2026-03-18 → 2026-06-01)
[sync] Done!
[Mon Jun  1 12:00:02 CST 2026] 数据无变化，无需推送
[sync] Fetching Feishu token...
[sync] Fetching records from Bitable...
[sync] Formatting records...
[sync] Updating HTML file...
[sync] Updated with 72 records (2026-03-18 → 2026-06-01)
[sync] Done!
[Mon Jun  1 12:30:03 CST 2026] 数据无变化，无需推送
[sync] Fetching Feishu token...
[sync] Fetching records from Bitable...
[sync] Formatting records...
[sync] Updating HTML file...
[sync] Updated with 72 records (2026-03-18 → 2026-06-01)
[sync] Done!
[Mon Jun  1 13:00:02 CST 2026] 数据无变化，无需推送
[sync] Fetching Feishu token...
[sync] Fetching records from Bitable...
[sync] Formatting records...
[sync] Updating HTML file...
[sync] Updated with 72 records (2026-03-18 → 2026-06-01)
[sync] Done!
[Mon Jun  1 13:30:03 CST 2026] 数据无变化，无需推送
[sync] Fetching Feishu token...
[sync] Fetching records from Bitable...
[sync] Formatting records...
[sync] Updating HTML file...
[sync] Updated with 72 records (2026-03-18 → 2026-06-01)
[sync] Done!
[Mon Jun  1 14:00:01 CST 2026] 数据无变化，无需推送
[sync] Fetching Feishu token...
[sync] Fetching records from Bitable...
[sync] Formatting records...
[sync] Updating HTML file...
[sync] Updated with 72 records (2026-03-18 → 2026-06-01)
[sync] Done!
[Mon Jun  1 14:30:02 CST 2026] 数据无变化，无需推送
[sync] Fetching Feishu token...
[sync] Fetching records from Bitable...
[sync] Formatting records...
[sync] Updating HTML file...
[sync] Updated with 72 records (2026-03-18 → 2026-06-01)
[sync] Done!
[Mon Jun  1 15:00:02 CST 2026] 数据无变化，无需推送
[sync] Fetching Feishu token...
[sync] Fetching records from Bitable...
[sync] Formatting records...
[sync] Updating HTML file...
[sync] Updated with 72 records (2026-03-18 → 2026-06-01)
[sync] Done!
[Mon Jun  1 15:30:03 CST 2026] 数据无变化，无需推送
[sync] Fetching Feishu token...
[sync] Fetching records from Bitable...
[sync] Formatting records...
[sync] Updating HTML file...
[sync] Updated with 72 records (2026-03-18 → 2026-06-01)
[sync] Done!
[Mon Jun  1 16:00:03 CST 2026] 数据无变化，无需推送
[sync] Fetching Feishu token...
[sync] Fetching records from Bitable...
[sync] Formatting records...
[sync] Updating HTML file...
[sync] Updated with 72 records (2026-03-18 → 2026-06-01)
[sync] Done!
[Mon Jun  1 16:30:02 CST 2026] 数据无变化，无需推送
[sync] Fetching Feishu token...
[sync] Fetching records from Bitable...
[sync] Formatting records...
[sync] Updating HTML file...
[sync] Updated with 72 records (2026-03-18 → 2026-06-01)
[sync] Done!
[Mon Jun  1 17:00:03 CST 2026] 数据无变化，无需推送
[sync] Fetching Feishu token...
[sync] Fetching records from Bitable...
[sync] Formatting records...
[sync] Updating HTML file...
[sync] Updated with 72 records (2026-03-18 → 2026-06-01)
[sync] Done!
[Mon Jun  1 17:30:03 CST 2026] 数据无变化，无需推送
[sync] Fetching Feishu token...
[sync] Fetching records from Bitable...
[sync] Formatting records...
[sync] Updating HTML file...
[sync] Updated with 72 records (2026-03-18 → 2026-06-01)
[sync] Done!
[Mon Jun  1 18:00:02 CST 2026] 数据无变化，无需推送
[sync] Fetching Feishu token...
[sync] Fetching records from Bitable...
[sync] Formatting records...
[sync] Updating HTML file...
[sync] Updated with 72 records (2026-03-18 → 2026-06-01)
[sync] Done!
[Mon Jun  1 18:30:02 CST 2026] 数据无变化，无需推送
[sync] Fetching Feishu token...
[sync] Fetching records from Bitable...
[sync] Formatting records...
[sync] Updating HTML file...
[sync] Updated with 72 records (2026-03-18 → 2026-06-01)
[sync] Done!
[Mon Jun  1 19:00:02 CST 2026] 数据无变化，无需推送
[sync] Fetching Feishu token...
[sync] Fetching records from Bitable...
[sync] Formatting records...
[sync] Updating HTML file...
[sync] Updated with 72 records (2026-03-18 → 2026-06-01)
[sync] Done!
[Mon Jun  1 19:30:01 CST 2026] 数据无变化，无需推送
[sync] Fetching Feishu token...
[sync] Fetching records from Bitable...
[sync] Formatting records...
[sync] Updating HTML file...
[sync] Updated with 72 records (2026-03-18 → 2026-06-01)
[sync] Done!
[Mon Jun  1 20:00:02 CST 2026] 数据无变化，无需推送
[sync] Fetching Feishu token...
[sync] Fetching records from Bitable...
[sync] Formatting records...
[sync] Updating HTML file...
[sync] Updated with 72 records (2026-03-18 → 2026-06-01)
[sync] Done!
[Mon Jun  1 20:30:02 CST 2026] 数据无变化，无需推送
[sync] Fetching Feishu token...
[sync] Fetching records from Bitable...
[sync] Formatting records...
[sync] Updating HTML file...
[sync] Updated with 72 records (2026-03-18 → 2026-06-01)
[sync] Done!
[Mon Jun  1 21:00:03 CST 2026] 数据无变化，无需推送
[sync] Fetching Feishu token...
[sync] Fetching records from Bitable...
[sync] Formatting records...
[sync] Updating HTML file...
[sync] Updated with 72 records (2026-03-18 → 2026-06-01)
[sync] Done!
[Mon Jun  1 21:30:02 CST 2026] 数据无变化，无需推送
[sync] Fetching Feishu token...
[sync] Fetching records from Bitable...
[sync] Formatting records...
[sync] Updating HTML file...
[sync] Updated with 72 records (2026-03-18 → 2026-06-01)
[sync] Done!
[Mon Jun  1 22:00:02 CST 2026] 数据无变化，无需推送
[sync] Fetching Feishu token...
[sync] Fetching records from Bitable...
[sync] Formatting records...
[sync] Updating HTML file...
[sync] Updated with 72 records (2026-03-18 → 2026-06-01)
[sync] Done!
[Mon Jun  1 22:30:03 CST 2026] 数据无变化，无需推送
[sync] Fetching Feishu token...
[sync] Fetching records from Bitable...
[sync] Formatting records...
[sync] Updating HTML file...
[sync] Updated with 72 records (2026-03-18 → 2026-06-01)
[sync] Done!
[Mon Jun  1 23:00:03 CST 2026] 数据无变化，无需推送
[sync] Fetching Feishu token...
[sync] Fetching records from Bitable...
[sync] Formatting records...
[sync] Updating HTML file...
[sync] Updated with 72 records (2026-03-18 → 2026-06-01)
[sync] Done!
[Mon Jun  1 23:30:03 CST 2026] 数据无变化，无需推送
[sync] Fetching Feishu token...
[sync] Fetching records from Bitable...
[sync] Formatting records...
[sync] Updating HTML file...
[sync] Updated with 72 records (2026-03-18 → 2026-06-01)
[sync] Done!
[Tue Jun  2 00:00:04 CST 2026] 数据无变化，无需推送
[sync] Fetching Feishu token...
[sync] Fetching records from Bitable...
[sync] Formatting records...
[sync] Updating HTML file...
[sync] Updated with 72 records (2026-03-18 → 2026-06-01)
[sync] Done!
[Tue Jun  2 00:30:02 CST 2026] 数据无变化，无需推送
[sync] Fetching Feishu token...
[sync] Fetching records from Bitable...
[sync] Formatting records...
[sync] Updating HTML file...
[sync] Updated with 72 records (2026-03-18 → 2026-06-01)
[sync] Done!
[Tue Jun  2 01:00:03 CST 2026] 数据无变化，无需推送
[sync] Fetching Feishu token...
[sync] Fetching records from Bitable...
[sync] Formatting records...
[sync] Updating HTML file...
[sync] Updated with 72 records (2026-03-18 → 2026-06-01)
[sync] Done!
[Tue Jun  2 01:30:02 CST 2026] 数据无变化，无需推送
[sync] Fetching Feishu token...
[sync] Fetching records from Bitable...
[sync] Formatting records...
[sync] Updating HTML file...
[sync] Updated with 72 records (2026-03-18 → 2026-06-01)
[sync] Done!
[Tue Jun  2 02:00:02 CST 2026] 数据无变化，无需推送
[sync] Fetching Feishu token...
[sync] Fetching records from Bitable...
[sync] Formatting records...
[sync] Updating HTML file...
[sync] Updated with 72 records (2026-03-18 → 2026-06-01)
[sync] Done!
[Tue Jun  2 02:30:02 CST 2026] 数据无变化，无需推送
[sync] Fetching Feishu token...
[sync] Fetching records from Bitable...
[sync] Formatting records...
[sync] Updating HTML file...
[sync] Updated with 72 records (2026-03-18 → 2026-06-01)
[sync] Done!
[Tue Jun  2 03:00:02 CST 2026] 数据无变化，无需推送
[sync] Fetching Feishu token...
[sync] Fetching records from Bitable...
[sync] Formatting records...
[sync] Updating HTML file...
[sync] Updated with 72 records (2026-03-18 → 2026-06-01)
[sync] Done!
[Tue Jun  2 03:30:02 CST 2026] 数据无变化，无需推送
[sync] Fetching Feishu token...
[sync] Fetching records from Bitable...
[sync] Formatting records...
[sync] Updating HTML file...
[sync] Updated with 72 records (2026-03-18 → 2026-06-01)
[sync] Done!
[Tue Jun  2 04:00:02 CST 2026] 数据无变化，无需推送
[sync] Fetching Feishu token...
[sync] Fetching records from Bitable...
[sync] Formatting records...
[sync] Updating HTML file...
[sync] Updated with 72 records (2026-03-18 → 2026-06-01)
[sync] Done!
[Tue Jun  2 04:30:03 CST 2026] 数据无变化，无需推送
[sync] Fetching Feishu token...
[sync] Fetching records from Bitable...
[sync] Formatting records...
[sync] Updating HTML file...
[sync] Updated with 72 records (2026-03-18 → 2026-06-01)
[sync] Done!
[Tue Jun  2 05:00:02 CST 2026] 数据无变化，无需推送
[sync] Fetching Feishu token...
[sync] Fetching records from Bitable...
[sync] Formatting records...
[sync] Updating HTML file...
[sync] Updated with 72 records (2026-03-18 → 2026-06-01)
[sync] Done!
[Tue Jun  2 05:30:02 CST 2026] 数据无变化，无需推送
[sync] Fetching Feishu token...
[sync] Fetching records from Bitable...
[sync] Formatting records...
[sync] Updating HTML file...
[sync] Updated with 72 records (2026-03-18 → 2026-06-01)
[sync] Done!
[Tue Jun  2 06:00:02 CST 2026] 数据无变化，无需推送
[sync] Fetching Feishu token...
[sync] Fetching records from Bitable...
[sync] Formatting records...
[sync] Updating HTML file...
[sync] Updated with 72 records (2026-03-18 → 2026-06-01)
[sync] Done!
[Tue Jun  2 06:30:02 CST 2026] 数据无变化，无需推送
[sync] Fetching Feishu token...
[sync] Fetching records from Bitable...
[sync] Formatting records...
[sync] Updating HTML file...
[sync] Updated with 72 records (2026-03-18 → 2026-06-01)
[sync] Done!
[Tue Jun  2 07:00:02 CST 2026] 数据无变化，无需推送
[sync] Fetching Feishu token...
[sync] Fetching records from Bitable...
[sync] Formatting records...
[sync] Updating HTML file...
[sync] Updated with 72 records (2026-03-18 → 2026-06-01)
[sync] Done!
[Tue Jun  2 07:30:02 CST 2026] 数据无变化，无需推送
[sync] Fetching Feishu token...
[sync] Fetching records from Bitable...
[sync] Formatting records...
[sync] Updating HTML file...
[sync] Updated with 72 records (2026-03-18 → 2026-06-01)
[sync] Done!
[Tue Jun  2 08:00:02 CST 2026] 数据无变化，无需推送
[sync] Fetching Feishu token...
[sync] Fetching records from Bitable...
[sync] Formatting records...
[sync] Updating HTML file...
[sync] Updated with 72 records (2026-03-18 → 2026-06-01)
[sync] Done!
[Tue Jun  2 08:30:02 CST 2026] 数据无变化，无需推送
[sync] Fetching Feishu token...
[sync] Fetching records from Bitable...
[sync] Formatting records...
[sync] Updating HTML file...
[sync] Updated with 72 records (2026-03-18 → 2026-06-01)
[sync] Done!
[main d5dff97] Auto sync: 2026年06月02日 血压数据
 1 file changed, 1 insertion(+), 1 deletion(-)
To github.com:sheachang2026/bp-trend-ZXY.git
   6889da1..d5dff97  main -> main
[Tue Jun  2 09:00:08 CST 2026] 推送完成
[sync] Fetching Feishu token...
[sync] Fetching records from Bitable...
[sync] Formatting records...
[sync] Updating HTML file...
[sync] Updated with 72 records (2026-03-18 → 2026-06-01)
[sync] Done!
[main 6c7cab5] Auto sync: 2026年06月02日 血压数据
 1 file changed, 1 insertion(+), 1 deletion(-)
To github.com:sheachang2026/bp-trend-ZXY.git
   d5dff97..6c7cab5  main -> main
[Tue Jun  2 09:30:09 CST 2026] 推送完成
[sync] Fetching Feishu token...
[sync] Fetching records from Bitable...
[sync] Formatting records...
[sync] Updating HTML file...
[sync] Updated with 72 records (2026-03-18 → 2026-06-01)
[sync] Done!
[Tue Jun  2 10:00:01 CST 2026] 数据无变化，无需推送
[sync] Fetching Feishu token...
[sync] Fetching records from Bitable...
[sync] Formatting records...
[sync] Updating HTML file...
[sync] Updated with 72 records (2026-03-18 → 2026-06-01)
[sync] Done!
[Tue Jun  2 10:30:02 CST 2026] 数据无变化，无需推送
[sync] Fetching Feishu token...
[sync] Fetching records from Bitable...
[sync] Formatting records...
[sync] Updating HTML file...
[sync] Updated with 72 records (2026-03-18 → 2026-06-01)
[sync] Done!
[Tue Jun  2 11:00:02 CST 2026] 数据无变化，无需推送
[sync] Fetching Feishu token...
[sync] Fetching records from Bitable...
[sync] Formatting records...
[sync] Updating HTML file...
[sync] Updated with 72 records (2026-03-18 → 2026-06-01)
[sync] Done!
[Tue Jun  2 11:30:02 CST 2026] 数据无变化，无需推送
[sync] Fetching Feishu token...
[sync] Fetching records from Bitable...
[sync] Formatting records...
[sync] Updating HTML file...
[sync] Updated with 72 records (2026-03-18 → 2026-06-01)
[sync] Done!
[Tue Jun  2 12:00:02 CST 2026] 数据无变化，无需推送
[sync] Fetching Feishu token...
[sync] Fetching records from Bitable...
[sync] Formatting records...
[sync] Updating HTML file...
[sync] Updated with 72 records (2026-03-18 → 2026-06-01)
[sync] Done!
[Tue Jun  2 12:30:02 CST 2026] 数据无变化，无需推送
[sync] Fetching Feishu token...
[sync] Fetching records from Bitable...
[sync] Formatting records...
[sync] Updating HTML file...
[sync] Updated with 72 records (2026-03-18 → 2026-06-01)
[sync] Done!
[Tue Jun  2 13:00:03 CST 2026] 数据无变化，无需推送
[sync] Fetching Feishu token...
[sync] Fetching records from Bitable...
[sync] Formatting records...
[sync] Updating HTML file...
[sync] Updated with 72 records (2026-03-18 → 2026-06-01)
[sync] Done!
[Tue Jun  2 13:30:02 CST 2026] 数据无变化，无需推送
[sync] Fetching Feishu token...
[sync] Fetching records from Bitable...
[sync] Formatting records...
[sync] Updating HTML file...
[sync] Updated with 72 records (2026-03-18 → 2026-06-01)
[sync] Done!
[Tue Jun  2 14:00:02 CST 2026] 数据无变化，无需推送
[sync] Fetching Feishu token...
[sync] Fetching records from Bitable...
[sync] Formatting records...
[sync] Updating HTML file...
[sync] Updated with 72 records (2026-03-18 → 2026-06-01)
[sync] Done!
[Tue Jun  2 14:30:01 CST 2026] 数据无变化，无需推送
[sync] Fetching Feishu token...
[sync] Fetching records from Bitable...
[sync] Formatting records...
[sync] Updating HTML file...
[sync] Updated with 72 records (2026-03-18 → 2026-06-01)
[sync] Done!
[Tue Jun  2 15:00:03 CST 2026] 数据无变化，无需推送
[sync] Fetching Feishu token...
[sync] Fetching records from Bitable...
[sync] Formatting records...
[sync] Updating HTML file...
[sync] Updated with 72 records (2026-03-18 → 2026-06-01)
[sync] Done!
[Tue Jun  2 15:30:02 CST 2026] 数据无变化，无需推送
[sync] Fetching Feishu token...
[sync] Fetching records from Bitable...
[sync] Formatting records...
[sync] Updating HTML file...
[sync] Updated with 72 records (2026-03-18 → 2026-06-01)
[sync] Done!
[Tue Jun  2 16:00:02 CST 2026] 数据无变化，无需推送
[sync] Fetching Feishu token...
[sync] Fetching records from Bitable...
[sync] Formatting records...
[sync] Updating HTML file...
[sync] Updated with 72 records (2026-03-18 → 2026-06-01)
[sync] Done!
[Tue Jun  2 16:30:03 CST 2026] 数据无变化，无需推送
[sync] Fetching Feishu token...
[sync] Fetching records from Bitable...
[sync] Formatting records...
[sync] Updating HTML file...
[sync] Updated with 72 records (2026-03-18 → 2026-06-01)
[sync] Done!
[Tue Jun  2 17:00:03 CST 2026] 数据无变化，无需推送
[sync] Fetching Feishu token...
[sync] Fetching records from Bitable...
[sync] Formatting records...
[sync] Updating HTML file...
[sync] Updated with 72 records (2026-03-18 → 2026-06-01)
[sync] Done!
[Tue Jun  2 17:30:02 CST 2026] 数据无变化，无需推送
[sync] Fetching Feishu token...
[sync] Fetching records from Bitable...
[sync] Formatting records...
[sync] Updating HTML file...
[sync] Updated with 72 records (2026-03-18 → 2026-06-01)
[sync] Done!
[Tue Jun  2 18:00:02 CST 2026] 数据无变化，无需推送
[sync] Fetching Feishu token...
[sync] Fetching records from Bitable...
[sync] Formatting records...
[sync] Updating HTML file...
[sync] Updated with 72 records (2026-03-18 → 2026-06-01)
[sync] Done!
[Tue Jun  2 18:30:03 CST 2026] 数据无变化，无需推送
[sync] Fetching Feishu token...
[sync] Fetching records from Bitable...
[sync] Formatting records...
[sync] Updating HTML file...
[sync] Updated with 72 records (2026-03-18 → 2026-06-01)
[sync] Done!
[Tue Jun  2 19:00:02 CST 2026] 数据无变化，无需推送
[sync] Fetching Feishu token...
[sync] Fetching records from Bitable...
[sync] Formatting records...
[sync] Updating HTML file...
[sync] Updated with 72 records (2026-03-18 → 2026-06-01)
[sync] Done!
[Tue Jun  2 19:30:02 CST 2026] 数据无变化，无需推送
[sync] Fetching Feishu token...
[sync] Fetching records from Bitable...
[sync] Formatting records...
[sync] Updating HTML file...
[sync] Updated with 72 records (2026-03-18 → 2026-06-01)
[sync] Done!
[Tue Jun  2 20:00:01 CST 2026] 数据无变化，无需推送
[sync] Fetching Feishu token...
[sync] Fetching records from Bitable...
[sync] Formatting records...
[sync] Updating HTML file...
[sync] Updated with 72 records (2026-03-18 → 2026-06-01)
[sync] Done!
[Tue Jun  2 20:30:02 CST 2026] 数据无变化，无需推送
[sync] Fetching Feishu token...
[sync] Fetching records from Bitable...
[sync] Formatting records...
[sync] Updating HTML file...
[sync] Updated with 72 records (2026-03-18 → 2026-06-01)
[sync] Done!
[Tue Jun  2 21:00:01 CST 2026] 数据无变化，无需推送
[sync] Fetching Feishu token...
[sync] Fetching records from Bitable...
[sync] Formatting records...
[sync] Updating HTML file...
[sync] Updated with 72 records (2026-03-18 → 2026-06-01)
[sync] Done!
[Tue Jun  2 21:30:04 CST 2026] 数据无变化，无需推送
[sync] Fetching Feishu token...
[sync] Fetching records from Bitable...
[sync] Formatting records...
[sync] Updating HTML file...
[sync] Updated with 72 records (2026-03-18 → 2026-06-01)
[sync] Done!
[Tue Jun  2 22:00:05 CST 2026] 数据无变化，无需推送
[sync] Fetching Feishu token...
[sync] Fetching records from Bitable...
[sync] Formatting records...
[sync] Updating HTML file...
[sync] Updated with 72 records (2026-03-18 → 2026-06-01)
[sync] Done!
[Tue Jun  2 22:30:02 CST 2026] 数据无变化，无需推送
[sync] Fetching Feishu token...
[sync] Fetching records from Bitable...
[sync] Formatting records...
[sync] Updating HTML file...
[sync] Updated with 72 records (2026-03-18 → 2026-06-01)
[sync] Done!
[Tue Jun  2 23:00:06 CST 2026] 数据无变化，无需推送
[sync] Fetching Feishu token...
[sync] Fetching records from Bitable...
[sync] Formatting records...
[sync] Updating HTML file...
[sync] Updated with 72 records (2026-03-18 → 2026-06-01)
[sync] Done!
[Tue Jun  2 23:30:02 CST 2026] 数据无变化，无需推送
[sync] Fetching Feishu token...
[sync] Fetching records from Bitable...
[sync] Formatting records...
[sync] Updating HTML file...
[sync] Updated with 72 records (2026-03-18 → 2026-06-01)
[sync] Done!
[Wed Jun  3 00:00:03 CST 2026] 数据无变化，无需推送
[sync] Fetching Feishu token...
[sync] Fetching records from Bitable...
[sync] Formatting records...
[sync] Updating HTML file...
[sync] Updated with 72 records (2026-03-18 → 2026-06-01)
[sync] Done!
[Wed Jun  3 00:30:02 CST 2026] 数据无变化，无需推送
[sync] Fetching Feishu token...
[sync] Fetching records from Bitable...
[sync] Formatting records...
[sync] Updating HTML file...
[sync] Updated with 72 records (2026-03-18 → 2026-06-01)
[sync] Done!
[Wed Jun  3 01:00:02 CST 2026] 数据无变化，无需推送
[sync] Fetching Feishu token...
[sync] Fetching records from Bitable...
[sync] Formatting records...
[sync] Updating HTML file...
[sync] Updated with 72 records (2026-03-18 → 2026-06-01)
[sync] Done!
[Wed Jun  3 01:30:01 CST 2026] 数据无变化，无需推送
[sync] Fetching Feishu token...
[sync] Fetching records from Bitable...
[sync] Formatting records...
[sync] Updating HTML file...
[sync] Updated with 72 records (2026-03-18 → 2026-06-01)
[sync] Done!
[Wed Jun  3 02:00:02 CST 2026] 数据无变化，无需推送
[sync] Fetching Feishu token...
[sync] Fetching records from Bitable...
[sync] Formatting records...
[sync] Updating HTML file...
[sync] Updated with 72 records (2026-03-18 → 2026-06-01)
[sync] Done!
[Wed Jun  3 02:30:02 CST 2026] 数据无变化，无需推送
[sync] Fetching Feishu token...
[sync] Fetching records from Bitable...
[sync] Formatting records...
[sync] Updating HTML file...
[sync] Updated with 72 records (2026-03-18 → 2026-06-01)
[sync] Done!
[Wed Jun  3 03:00:01 CST 2026] 数据无变化，无需推送
[sync] Fetching Feishu token...
[sync] Fetching records from Bitable...
[sync] Formatting records...
[sync] Updating HTML file...
[sync] Updated with 72 records (2026-03-18 → 2026-06-01)
[sync] Done!
[Wed Jun  3 03:30:01 CST 2026] 数据无变化，无需推送
[sync] Fetching Feishu token...
[sync] Fetching records from Bitable...
[sync] Formatting records...
[sync] Updating HTML file...
[sync] Updated with 72 records (2026-03-18 → 2026-06-01)
[sync] Done!
[Wed Jun  3 04:00:03 CST 2026] 数据无变化，无需推送
[sync] Fetching Feishu token...
[sync] Fetching records from Bitable...
[sync] Formatting records...
[sync] Updating HTML file...
[sync] Updated with 72 records (2026-03-18 → 2026-06-01)
[sync] Done!
[Wed Jun  3 04:30:01 CST 2026] 数据无变化，无需推送
[sync] Fetching Feishu token...
[sync] Fetching records from Bitable...
[sync] Formatting records...
[sync] Updating HTML file...
[sync] Updated with 72 records (2026-03-18 → 2026-06-01)
[sync] Done!
[Wed Jun  3 05:00:01 CST 2026] 数据无变化，无需推送
[sync] Fetching Feishu token...
[sync] Fetching records from Bitable...
[sync] Formatting records...
[sync] Updating HTML file...
[sync] Updated with 72 records (2026-03-18 → 2026-06-01)
[sync] Done!
[Wed Jun  3 05:30:02 CST 2026] 数据无变化，无需推送
[sync] Fetching Feishu token...
[sync] Fetching records from Bitable...
[sync] Formatting records...
[sync] Updating HTML file...
[sync] Updated with 72 records (2026-03-18 → 2026-06-01)
[sync] Done!
[Wed Jun  3 06:00:03 CST 2026] 数据无变化，无需推送
[sync] Fetching Feishu token...
[sync] Fetching records from Bitable...
[sync] Formatting records...
[sync] Updating HTML file...
[sync] Updated with 72 records (2026-03-18 → 2026-06-01)
[sync] Done!
[Wed Jun  3 06:30:02 CST 2026] 数据无变化，无需推送
[sync] Fetching Feishu token...
[sync] Fetching records from Bitable...
[sync] Formatting records...
[sync] Updating HTML file...
[sync] Updated with 73 records (2026-03-18 → 2026-06-03)
[sync] Done!
[main 1104daa] Auto sync: 2026年06月03日 血压数据
 1 file changed, 2 insertions(+), 1 deletion(-)
To github.com:sheachang2026/bp-trend-ZXY.git
   6c7cab5..1104daa  main -> main
[Wed Jun  3 07:00:10 CST 2026] 推送完成
[sync] Fetching Feishu token...
[sync] Fetching records from Bitable...
[sync] Formatting records...
[sync] Updating HTML file...
[sync] Updated with 73 records (2026-03-18 → 2026-06-03)
[sync] Done!
[Wed Jun  3 07:30:02 CST 2026] 数据无变化，无需推送
[sync] Fetching Feishu token...
[sync] Fetching records from Bitable...
[sync] Formatting records...
[sync] Updating HTML file...
[sync] Updated with 73 records (2026-03-18 → 2026-06-03)
[sync] Done!
[Wed Jun  3 08:00:02 CST 2026] 数据无变化，无需推送
[sync] Fetching Feishu token...
[sync] Fetching records from Bitable...
[sync] Formatting records...
[sync] Updating HTML file...
[sync] Updated with 73 records (2026-03-18 → 2026-06-03)
[sync] Done!
[Wed Jun  3 08:30:02 CST 2026] 数据无变化，无需推送
[sync] Fetching Feishu token...
[sync] Fetching records from Bitable...
[sync] Formatting records...
[sync] Updating HTML file...
[sync] Updated with 73 records (2026-03-18 → 2026-06-03)
[sync] Done!
[Wed Jun  3 09:00:03 CST 2026] 数据无变化，无需推送
[sync] Fetching Feishu token...
[sync] Fetching records from Bitable...
[sync] Formatting records...
[sync] Updating HTML file...
[sync] Updated with 73 records (2026-03-18 → 2026-06-03)
[sync] Done!
[Wed Jun  3 09:30:03 CST 2026] 数据无变化，无需推送
[sync] Fetching Feishu token...
[sync] Fetching records from Bitable...
[sync] Formatting records...
[sync] Updating HTML file...
[sync] Updated with 73 records (2026-03-18 → 2026-06-03)
[sync] Done!
[Wed Jun  3 10:00:02 CST 2026] 数据无变化，无需推送
[sync] Fetching Feishu token...
[sync] Fetching records from Bitable...
[sync] Formatting records...
[sync] Updating HTML file...
[sync] Updated with 73 records (2026-03-18 → 2026-06-03)
[sync] Done!
[Wed Jun  3 10:30:02 CST 2026] 数据无变化，无需推送
[sync] Fetching Feishu token...
[sync] Fetching records from Bitable...
[sync] Formatting records...
[sync] Updating HTML file...
[sync] Updated with 73 records (2026-03-18 → 2026-06-03)
[sync] Done!
[Wed Jun  3 11:00:03 CST 2026] 数据无变化，无需推送
[sync] Fetching Feishu token...
[sync] Fetching records from Bitable...
[sync] Formatting records...
[sync] Updating HTML file...
[sync] Updated with 73 records (2026-03-18 → 2026-06-03)
[sync] Done!
[Wed Jun  3 11:30:03 CST 2026] 数据无变化，无需推送
[sync] Fetching Feishu token...
[sync] Fetching records from Bitable...
[sync] Formatting records...
[sync] Updating HTML file...
[sync] Updated with 73 records (2026-03-18 → 2026-06-03)
[sync] Done!
[Wed Jun  3 12:00:01 CST 2026] 数据无变化，无需推送
[sync] Fetching Feishu token...
[sync] Fetching records from Bitable...
[sync] Formatting records...
[sync] Updating HTML file...
[sync] Updated with 73 records (2026-03-18 → 2026-06-03)
[sync] Done!
[Wed Jun  3 12:30:01 CST 2026] 数据无变化，无需推送
[sync] Fetching Feishu token...
[sync] Fetching records from Bitable...
[sync] Formatting records...
[sync] Updating HTML file...
[sync] Updated with 73 records (2026-03-18 → 2026-06-03)
[sync] Done!
[Wed Jun  3 13:00:03 CST 2026] 数据无变化，无需推送
[sync] Fetching Feishu token...
[sync] Fetching records from Bitable...
[sync] Formatting records...
[sync] Updating HTML file...
[sync] Updated with 73 records (2026-03-18 → 2026-06-03)
[sync] Done!
[Wed Jun  3 13:30:02 CST 2026] 数据无变化，无需推送
[sync] Fetching Feishu token...
[sync] Fetching records from Bitable...
[sync] Formatting records...
[sync] Updating HTML file...
[sync] Updated with 73 records (2026-03-18 → 2026-06-03)
[sync] Done!
[Wed Jun  3 14:00:02 CST 2026] 数据无变化，无需推送
[sync] Fetching Feishu token...
[sync] Fetching records from Bitable...
[sync] Formatting records...
[sync] Updating HTML file...
[sync] Updated with 73 records (2026-03-18 → 2026-06-03)
[sync] Done!
[Wed Jun  3 14:30:02 CST 2026] 数据无变化，无需推送
[sync] Fetching Feishu token...
[sync] Fetching records from Bitable...
[sync] Formatting records...
[sync] Updating HTML file...
[sync] Updated with 73 records (2026-03-18 → 2026-06-03)
[sync] Done!
[Wed Jun  3 15:00:04 CST 2026] 数据无变化，无需推送
[sync] Fetching Feishu token...
[sync] Fetching records from Bitable...
[sync] Formatting records...
[sync] Updating HTML file...
[sync] Updated with 73 records (2026-03-18 → 2026-06-03)
[sync] Done!
[Wed Jun  3 15:30:03 CST 2026] 数据无变化，无需推送
[sync] Fetching Feishu token...
[sync] Fetching records from Bitable...
[sync] Formatting records...
[sync] Updating HTML file...
[sync] Updated with 73 records (2026-03-18 → 2026-06-03)
[sync] Done!
[Wed Jun  3 16:00:02 CST 2026] 数据无变化，无需推送
[sync] Fetching Feishu token...
[sync] Fetching records from Bitable...
[sync] Formatting records...
[sync] Updating HTML file...
[sync] Updated with 73 records (2026-03-18 → 2026-06-03)
[sync] Done!
[Wed Jun  3 16:30:02 CST 2026] 数据无变化，无需推送
[sync] Fetching Feishu token...
[sync] Fetching records from Bitable...
[sync] Formatting records...
[sync] Updating HTML file...
[sync] Updated with 73 records (2026-03-18 → 2026-06-03)
[sync] Done!
[Wed Jun  3 17:00:03 CST 2026] 数据无变化，无需推送
[sync] Fetching Feishu token...
[sync] Fetching records from Bitable...
[sync] Formatting records...
[sync] Updating HTML file...
[sync] Updated with 73 records (2026-03-18 → 2026-06-03)
[sync] Done!
[Wed Jun  3 17:30:02 CST 2026] 数据无变化，无需推送
[sync] Fetching Feishu token...
[sync] Fetching records from Bitable...
[sync] Formatting records...
[sync] Updating HTML file...
[sync] Updated with 73 records (2026-03-18 → 2026-06-03)
[sync] Done!
[Wed Jun  3 18:00:02 CST 2026] 数据无变化，无需推送
[sync] Fetching Feishu token...
[sync] Fetching records from Bitable...
[sync] Formatting records...
[sync] Updating HTML file...
[sync] Updated with 73 records (2026-03-18 → 2026-06-03)
[sync] Done!
[Wed Jun  3 18:30:03 CST 2026] 数据无变化，无需推送
[sync] Fetching Feishu token...
[sync] Fetching records from Bitable...
[sync] Formatting records...
[sync] Updating HTML file...
[sync] Updated with 73 records (2026-03-18 → 2026-06-03)
[sync] Done!
[Wed Jun  3 19:00:03 CST 2026] 数据无变化，无需推送
[sync] Fetching Feishu token...
[sync] Fetching records from Bitable...
[sync] Formatting records...
[sync] Updating HTML file...
[sync] Updated with 73 records (2026-03-18 → 2026-06-03)
[sync] Done!
[Wed Jun  3 19:30:02 CST 2026] 数据无变化，无需推送
[sync] Fetching Feishu token...
[sync] Fetching records from Bitable...
[sync] Formatting records...
[sync] Updating HTML file...
[sync] Updated with 73 records (2026-03-18 → 2026-06-03)
[sync] Done!
[Wed Jun  3 20:00:02 CST 2026] 数据无变化，无需推送
[sync] Fetching Feishu token...
[sync] Fetching records from Bitable...
[sync] Formatting records...
[sync] Updating HTML file...
[sync] Updated with 73 records (2026-03-18 → 2026-06-03)
[sync] Done!
[Wed Jun  3 20:30:06 CST 2026] 数据无变化，无需推送
[sync] Fetching Feishu token...
[sync] Fetching records from Bitable...
[sync] Formatting records...
[sync] Updating HTML file...
[sync] Updated with 73 records (2026-03-18 → 2026-06-03)
[sync] Done!
[Wed Jun  3 21:00:06 CST 2026] 数据无变化，无需推送
[sync] Fetching Feishu token...
[sync] Fetching records from Bitable...
[sync] Formatting records...
[sync] Updating HTML file...
[sync] Updated with 73 records (2026-03-18 → 2026-06-03)
[sync] Done!
[Wed Jun  3 21:30:03 CST 2026] 数据无变化，无需推送
[sync] Fetching Feishu token...
[sync] Fetching records from Bitable...
[sync] Formatting records...
[sync] Updating HTML file...
[sync] Updated with 73 records (2026-03-18 → 2026-06-03)
[sync] Done!
[Wed Jun  3 22:00:03 CST 2026] 数据无变化，无需推送
[sync] Fetching Feishu token...
[sync] Fetching records from Bitable...
[sync] Formatting records...
[sync] Updating HTML file...
[sync] Updated with 73 records (2026-03-18 → 2026-06-03)
[sync] Done!
[Wed Jun  3 22:30:04 CST 2026] 数据无变化，无需推送
[sync] Fetching Feishu token...
[sync] Fetching records from Bitable...
[sync] Formatting records...
[sync] Updating HTML file...
[sync] Updated with 73 records (2026-03-18 → 2026-06-03)
[sync] Done!
[Wed Jun  3 23:00:02 CST 2026] 数据无变化，无需推送
[sync] Fetching Feishu token...
[sync] Fetching records from Bitable...
[sync] Formatting records...
[sync] Updating HTML file...
[sync] Updated with 73 records (2026-03-18 → 2026-06-03)
[sync] Done!
[Wed Jun  3 23:30:02 CST 2026] 数据无变化，无需推送
[sync] Fetching Feishu token...
[sync] Fetching records from Bitable...
[sync] Formatting records...
[sync] Updating HTML file...
[sync] Updated with 73 records (2026-03-18 → 2026-06-03)
[sync] Done!
[Thu Jun  4 00:00:02 CST 2026] 数据无变化，无需推送
[sync] Fetching Feishu token...
[sync] Fetching records from Bitable...
[sync] Formatting records...
[sync] Updating HTML file...
[sync] Updated with 73 records (2026-03-18 → 2026-06-03)
[sync] Done!
[Thu Jun  4 00:30:03 CST 2026] 数据无变化，无需推送
[sync] Fetching Feishu token...
[sync] Fetching records from Bitable...
[sync] Formatting records...
[sync] Updating HTML file...
[sync] Updated with 73 records (2026-03-18 → 2026-06-03)
[sync] Done!
[Thu Jun  4 01:00:02 CST 2026] 数据无变化，无需推送
[sync] Fetching Feishu token...
[sync] Fetching records from Bitable...
[sync] Formatting records...
[sync] Updating HTML file...
[sync] Updated with 73 records (2026-03-18 → 2026-06-03)
[sync] Done!
[Thu Jun  4 01:30:02 CST 2026] 数据无变化，无需推送
[sync] Fetching Feishu token...
[sync] Fetching records from Bitable...
[sync] Formatting records...
[sync] Updating HTML file...
[sync] Updated with 73 records (2026-03-18 → 2026-06-03)
[sync] Done!
[Thu Jun  4 02:00:02 CST 2026] 数据无变化，无需推送
[sync] Fetching Feishu token...
[sync] Fetching records from Bitable...
[sync] Formatting records...
[sync] Updating HTML file...
[sync] Updated with 73 records (2026-03-18 → 2026-06-03)
[sync] Done!
[Thu Jun  4 02:30:02 CST 2026] 数据无变化，无需推送
[sync] Fetching Feishu token...
[sync] Fetching records from Bitable...
[sync] Formatting records...
[sync] Updating HTML file...
[sync] Updated with 73 records (2026-03-18 → 2026-06-03)
[sync] Done!
[Thu Jun  4 03:00:03 CST 2026] 数据无变化，无需推送
[sync] Fetching Feishu token...
[sync] Fetching records from Bitable...
[sync] Formatting records...
[sync] Updating HTML file...
[sync] Updated with 73 records (2026-03-18 → 2026-06-03)
[sync] Done!
[Thu Jun  4 03:30:02 CST 2026] 数据无变化，无需推送
[sync] Fetching Feishu token...
[sync] Fetching records from Bitable...
[sync] Formatting records...
[sync] Updating HTML file...
[sync] Updated with 73 records (2026-03-18 → 2026-06-03)
[sync] Done!
[Thu Jun  4 04:00:02 CST 2026] 数据无变化，无需推送
[sync] Fetching Feishu token...
[sync] Fetching records from Bitable...
[sync] Formatting records...
[sync] Updating HTML file...
[sync] Updated with 73 records (2026-03-18 → 2026-06-03)
[sync] Done!
[Thu Jun  4 04:30:02 CST 2026] 数据无变化，无需推送
[sync] Fetching Feishu token...
[sync] Fetching records from Bitable...
[sync] Formatting records...
[sync] Updating HTML file...
[sync] Updated with 73 records (2026-03-18 → 2026-06-03)
[sync] Done!
[Thu Jun  4 05:00:01 CST 2026] 数据无变化，无需推送
[sync] Fetching Feishu token...
[sync] Fetching records from Bitable...
[sync] Formatting records...
[sync] Updating HTML file...
[sync] Updated with 73 records (2026-03-18 → 2026-06-03)
[sync] Done!
[Thu Jun  4 05:30:02 CST 2026] 数据无变化，无需推送
[sync] Fetching Feishu token...
[sync] Fetching records from Bitable...
[sync] Formatting records...
[sync] Updating HTML file...
[sync] Updated with 73 records (2026-03-18 → 2026-06-03)
[sync] Done!
[Thu Jun  4 06:00:01 CST 2026] 数据无变化，无需推送
[sync] Fetching Feishu token...
[sync] Fetching records from Bitable...
[sync] Formatting records...
[sync] Updating HTML file...
[sync] Updated with 73 records (2026-03-18 → 2026-06-03)
[sync] Done!
[Thu Jun  4 06:30:02 CST 2026] 数据无变化，无需推送
[sync] Fetching Feishu token...
[sync] Fetching records from Bitable...
[sync] Formatting records...
[sync] Updating HTML file...
[sync] Updated with 73 records (2026-03-18 → 2026-06-03)
[sync] Done!
[Thu Jun  4 07:00:02 CST 2026] 数据无变化，无需推送
[sync] Fetching Feishu token...
[sync] Fetching records from Bitable...
[sync] Formatting records...
[sync] Updating HTML file...
[sync] Updated with 74 records (2026-03-18 → 2026-06-04)
[sync] Done!
[main 97ef293] Auto sync: 2026年06月04日 血压数据
 1 file changed, 2 insertions(+), 1 deletion(-)
To github.com:sheachang2026/bp-trend-ZXY.git
   1104daa..97ef293  main -> main
[Thu Jun  4 07:30:06 CST 2026] 推送完成
[sync] Fetching Feishu token...
[sync] Fetching records from Bitable...
[sync] Formatting records...
[sync] Updating HTML file...
[sync] Updated with 74 records (2026-03-18 → 2026-06-04)
[sync] Done!
[Thu Jun  4 08:00:02 CST 2026] 数据无变化，无需推送
[sync] Fetching Feishu token...
[sync] Fetching records from Bitable...
[sync] Formatting records...
[sync] Updating HTML file...
[sync] Updated with 74 records (2026-03-18 → 2026-06-04)
[sync] Done!
[Thu Jun  4 08:30:02 CST 2026] 数据无变化，无需推送
[sync] Fetching Feishu token...
[sync] Fetching records from Bitable...
[sync] Formatting records...
[sync] Updating HTML file...
[sync] Updated with 74 records (2026-03-18 → 2026-06-04)
[sync] Done!
[Thu Jun  4 09:00:02 CST 2026] 数据无变化，无需推送
[sync] Fetching Feishu token...
[sync] Fetching records from Bitable...
[sync] Formatting records...
[sync] Updating HTML file...
[sync] Updated with 74 records (2026-03-18 → 2026-06-04)
[sync] Done!
[Thu Jun  4 09:30:03 CST 2026] 数据无变化，无需推送
[sync] Fetching Feishu token...
[sync] Fetching records from Bitable...
[sync] Formatting records...
[sync] Updating HTML file...
[sync] Updated with 74 records (2026-03-18 → 2026-06-04)
[sync] Done!
[Thu Jun  4 10:00:03 CST 2026] 数据无变化，无需推送
[sync] Fetching Feishu token...
[sync] Fetching records from Bitable...
[sync] Formatting records...
[sync] Updating HTML file...
[sync] Updated with 74 records (2026-03-18 → 2026-06-04)
[sync] Done!
[Thu Jun  4 10:30:01 CST 2026] 数据无变化，无需推送
[sync] Fetching Feishu token...
[sync] Fetching records from Bitable...
[sync] Formatting records...
[sync] Updating HTML file...
[sync] Updated with 74 records (2026-03-18 → 2026-06-04)
[sync] Done!
[Thu Jun  4 11:00:02 CST 2026] 数据无变化，无需推送
[sync] Fetching Feishu token...
[sync] Fetching records from Bitable...
[sync] Formatting records...
[sync] Updating HTML file...
[sync] Updated with 74 records (2026-03-18 → 2026-06-04)
[sync] Done!
[Thu Jun  4 11:30:03 CST 2026] 数据无变化，无需推送
[sync] Fetching Feishu token...
[sync] Fetching records from Bitable...
[sync] Formatting records...
[sync] Updating HTML file...
[sync] Updated with 74 records (2026-03-18 → 2026-06-04)
[sync] Done!
[Thu Jun  4 12:00:03 CST 2026] 数据无变化，无需推送
[sync] Fetching Feishu token...
[sync] Fetching records from Bitable...
[sync] Formatting records...
[sync] Updating HTML file...
[sync] Updated with 74 records (2026-03-18 → 2026-06-04)
[sync] Done!
[Thu Jun  4 12:30:03 CST 2026] 数据无变化，无需推送
[sync] Fetching Feishu token...
[sync] Fetching records from Bitable...
[sync] Formatting records...
[sync] Updating HTML file...
[sync] Updated with 74 records (2026-03-18 → 2026-06-04)
[sync] Done!
[Thu Jun  4 13:00:03 CST 2026] 数据无变化，无需推送
[sync] Fetching Feishu token...
[sync] Fetching records from Bitable...
[sync] Formatting records...
[sync] Updating HTML file...
[sync] Updated with 74 records (2026-03-18 → 2026-06-04)
[sync] Done!
[Thu Jun  4 13:30:02 CST 2026] 数据无变化，无需推送
[sync] Fetching Feishu token...
[sync] Fetching records from Bitable...
[sync] Formatting records...
[sync] Updating HTML file...
[sync] Updated with 74 records (2026-03-18 → 2026-06-04)
[sync] Done!
[Thu Jun  4 14:00:03 CST 2026] 数据无变化，无需推送
[sync] Fetching Feishu token...
[sync] Fetching records from Bitable...
[sync] Formatting records...
[sync] Updating HTML file...
[sync] Updated with 74 records (2026-03-18 → 2026-06-04)
[sync] Done!
[Thu Jun  4 14:30:02 CST 2026] 数据无变化，无需推送
[sync] Fetching Feishu token...
[sync] Fetching records from Bitable...
[sync] Formatting records...
[sync] Updating HTML file...
[sync] Updated with 74 records (2026-03-18 → 2026-06-04)
[sync] Done!
[Thu Jun  4 15:00:03 CST 2026] 数据无变化，无需推送
[sync] Fetching Feishu token...
[sync] Fetching records from Bitable...
[sync] Formatting records...
[sync] Updating HTML file...
[sync] Updated with 74 records (2026-03-18 → 2026-06-04)
[sync] Done!
[Thu Jun  4 15:30:02 CST 2026] 数据无变化，无需推送
[sync] Fetching Feishu token...
[sync] Fetching records from Bitable...
[sync] Formatting records...
[sync] Updating HTML file...
[sync] Updated with 74 records (2026-03-18 → 2026-06-04)
[sync] Done!
[Thu Jun  4 16:00:01 CST 2026] 数据无变化，无需推送
[sync] Fetching Feishu token...
[sync] Fetching records from Bitable...
[sync] Formatting records...
[sync] Updating HTML file...
[sync] Updated with 74 records (2026-03-18 → 2026-06-04)
[sync] Done!
[Thu Jun  4 16:30:02 CST 2026] 数据无变化，无需推送
[sync] Fetching Feishu token...
[sync] Fetching records from Bitable...
[sync] Formatting records...
[sync] Updating HTML file...
[sync] Updated with 74 records (2026-03-18 → 2026-06-04)
[sync] Done!
[Thu Jun  4 17:00:02 CST 2026] 数据无变化，无需推送
[sync] Fetching Feishu token...
[sync] Fetching records from Bitable...
[sync] Formatting records...
[sync] Updating HTML file...
[sync] Updated with 74 records (2026-03-18 → 2026-06-04)
[sync] Done!
[Thu Jun  4 17:30:02 CST 2026] 数据无变化，无需推送
[sync] Fetching Feishu token...
[sync] Fetching records from Bitable...
[sync] Formatting records...
[sync] Updating HTML file...
[sync] Updated with 74 records (2026-03-18 → 2026-06-04)
[sync] Done!
[Thu Jun  4 18:00:03 CST 2026] 数据无变化，无需推送
[sync] Fetching Feishu token...
[sync] Fetching records from Bitable...
[sync] Formatting records...
[sync] Updating HTML file...
[sync] Updated with 74 records (2026-03-18 → 2026-06-04)
[sync] Done!
[Thu Jun  4 18:30:02 CST 2026] 数据无变化，无需推送
[sync] Fetching Feishu token...
[sync] Fetching records from Bitable...
[sync] Formatting records...
[sync] Updating HTML file...
[sync] Updated with 74 records (2026-03-18 → 2026-06-04)
[sync] Done!
[Thu Jun  4 19:00:02 CST 2026] 数据无变化，无需推送
[sync] Fetching Feishu token...
[sync] Fetching records from Bitable...
[sync] Formatting records...
[sync] Updating HTML file...
[sync] Updated with 74 records (2026-03-18 → 2026-06-04)
[sync] Done!
[Thu Jun  4 19:30:02 CST 2026] 数据无变化，无需推送
[sync] Fetching Feishu token...
[sync] Fetching records from Bitable...
[sync] Formatting records...
[sync] Updating HTML file...
[sync] Updated with 74 records (2026-03-18 → 2026-06-04)
[sync] Done!
[Thu Jun  4 20:00:02 CST 2026] 数据无变化，无需推送
[sync] Fetching Feishu token...
[sync] Fetching records from Bitable...
[sync] Formatting records...
[sync] Updating HTML file...
[sync] Updated with 74 records (2026-03-18 → 2026-06-04)
[sync] Done!
[Thu Jun  4 20:30:04 CST 2026] 数据无变化，无需推送
[sync] Fetching Feishu token...
[sync] Fetching records from Bitable...
[sync] Formatting records...
[sync] Updating HTML file...
[sync] Updated with 74 records (2026-03-18 → 2026-06-04)
[sync] Done!
[Thu Jun  4 21:00:06 CST 2026] 数据无变化，无需推送
[sync] Fetching Feishu token...
[sync] Fetching records from Bitable...
[sync] Formatting records...
[sync] Updating HTML file...
[sync] Updated with 74 records (2026-03-18 → 2026-06-04)
[sync] Done!
[Thu Jun  4 21:30:01 CST 2026] 数据无变化，无需推送
[sync] Fetching Feishu token...
[sync] Fetching records from Bitable...
[sync] Formatting records...
[sync] Updating HTML file...
[sync] Updated with 74 records (2026-03-18 → 2026-06-04)
[sync] Done!
[Thu Jun  4 22:00:03 CST 2026] 数据无变化，无需推送
[sync] Fetching Feishu token...
[sync] Fetching records from Bitable...
[sync] Formatting records...
[sync] Updating HTML file...
[sync] Updated with 74 records (2026-03-18 → 2026-06-04)
[sync] Done!
[Thu Jun  4 22:30:02 CST 2026] 数据无变化，无需推送
[sync] Fetching Feishu token...
[sync] Fetching records from Bitable...
[sync] Formatting records...
[sync] Updating HTML file...
[sync] Updated with 74 records (2026-03-18 → 2026-06-04)
[sync] Done!
[Thu Jun  4 23:00:02 CST 2026] 数据无变化，无需推送
[sync] Fetching Feishu token...
[sync] Fetching records from Bitable...
[sync] Formatting records...
[sync] Updating HTML file...
[sync] Updated with 74 records (2026-03-18 → 2026-06-04)
[sync] Done!
[Thu Jun  4 23:30:05 CST 2026] 数据无变化，无需推送
[sync] Fetching Feishu token...
[sync] Fetching records from Bitable...
[sync] Formatting records...
[sync] Updating HTML file...
[sync] Updated with 74 records (2026-03-18 → 2026-06-04)
[sync] Done!
[Fri Jun  5 00:00:02 CST 2026] 数据无变化，无需推送
[sync] Fetching Feishu token...
[sync] Fetching records from Bitable...
[sync] Formatting records...
[sync] Updating HTML file...
[sync] Updated with 74 records (2026-03-18 → 2026-06-04)
[sync] Done!
[Fri Jun  5 00:30:02 CST 2026] 数据无变化，无需推送
[sync] Fetching Feishu token...
[sync] Fetching records from Bitable...
[sync] Formatting records...
[sync] Updating HTML file...
[sync] Updated with 74 records (2026-03-18 → 2026-06-04)
[sync] Done!
[Fri Jun  5 01:00:02 CST 2026] 数据无变化，无需推送
[sync] Fetching Feishu token...
[sync] Fetching records from Bitable...
[sync] Formatting records...
[sync] Updating HTML file...
[sync] Updated with 74 records (2026-03-18 → 2026-06-04)
[sync] Done!
[Fri Jun  5 01:30:02 CST 2026] 数据无变化，无需推送
[sync] Fetching Feishu token...
[sync] Fetching records from Bitable...
[sync] Formatting records...
[sync] Updating HTML file...
[sync] Updated with 74 records (2026-03-18 → 2026-06-04)
[sync] Done!
[Fri Jun  5 02:00:02 CST 2026] 数据无变化，无需推送
[sync] Fetching Feishu token...
[sync] Fetching records from Bitable...
[sync] Formatting records...
[sync] Updating HTML file...
[sync] Updated with 74 records (2026-03-18 → 2026-06-04)
[sync] Done!
[Fri Jun  5 02:30:01 CST 2026] 数据无变化，无需推送
[sync] Fetching Feishu token...
[sync] Fetching records from Bitable...
[sync] Formatting records...
[sync] Updating HTML file...
[sync] Updated with 74 records (2026-03-18 → 2026-06-04)
[sync] Done!
[Fri Jun  5 03:00:02 CST 2026] 数据无变化，无需推送
[sync] Fetching Feishu token...
[sync] Fetching records from Bitable...
[sync] Formatting records...
[sync] Updating HTML file...
[sync] Updated with 74 records (2026-03-18 → 2026-06-04)
[sync] Done!
[Fri Jun  5 03:30:03 CST 2026] 数据无变化，无需推送
[sync] Fetching Feishu token...
[sync] Fetching records from Bitable...
[sync] Formatting records...
[sync] Updating HTML file...
[sync] Updated with 74 records (2026-03-18 → 2026-06-04)
[sync] Done!
[Fri Jun  5 04:00:02 CST 2026] 数据无变化，无需推送
[sync] Fetching Feishu token...
[sync] Fetching records from Bitable...
[sync] Formatting records...
[sync] Updating HTML file...
[sync] Updated with 74 records (2026-03-18 → 2026-06-04)
[sync] Done!
[Fri Jun  5 04:30:02 CST 2026] 数据无变化，无需推送
[sync] Fetching Feishu token...
[sync] Fetching records from Bitable...
[sync] Formatting records...
[sync] Updating HTML file...
[sync] Updated with 74 records (2026-03-18 → 2026-06-04)
[sync] Done!
[Fri Jun  5 05:00:02 CST 2026] 数据无变化，无需推送
[sync] Fetching Feishu token...
[sync] Fetching records from Bitable...
[sync] Formatting records...
[sync] Updating HTML file...
[sync] Updated with 74 records (2026-03-18 → 2026-06-04)
[sync] Done!
[Fri Jun  5 05:30:02 CST 2026] 数据无变化，无需推送
[sync] Fetching Feishu token...
[sync] Fetching records from Bitable...
[sync] Formatting records...
[sync] Updating HTML file...
[sync] Updated with 74 records (2026-03-18 → 2026-06-04)
[sync] Done!
[Fri Jun  5 06:00:02 CST 2026] 数据无变化，无需推送
[sync] Fetching Feishu token...
[sync] Fetching records from Bitable...
[sync] Formatting records...
[sync] Updating HTML file...
[sync] Updated with 75 records (2026-03-18 → 2026-06-05)
[sync] Done!
[main f55a962] Auto sync: 2026年06月05日 血压数据
 1 file changed, 2 insertions(+), 1 deletion(-)
To github.com:sheachang2026/bp-trend-ZXY.git
   97ef293..f55a962  main -> main
[Fri Jun  5 06:30:07 CST 2026] 推送完成
[sync] Fetching Feishu token...
[sync] Fetching records from Bitable...
[sync] Formatting records...
[sync] Updating HTML file...
[sync] Updated with 74 records (2026-03-18 → 2026-06-05)
[sync] Done!
[main 21cfdbc] Auto sync: 2026年06月05日 血压数据
 1 file changed, 1 deletion(-)
To github.com:sheachang2026/bp-trend-ZXY.git
   f55a962..21cfdbc  main -> main
[Fri Jun  5 07:00:07 CST 2026] 推送完成
[sync] Fetching Feishu token...
[sync] Fetching records from Bitable...
[sync] Formatting records...
[sync] Updating HTML file...
[sync] Updated with 75 records (2026-03-18 → 2026-06-05)
[sync] Done!
[main 824f5ae] Auto sync: 2026年06月05日 血压数据
 1 file changed, 1 insertion(+)
To github.com:sheachang2026/bp-trend-ZXY.git
   21cfdbc..824f5ae  main -> main
[Fri Jun  5 07:30:07 CST 2026] 推送完成
[sync] Fetching Feishu token...
[sync] Fetching records from Bitable...
[sync] Formatting records...
[sync] Updating HTML file...
[sync] Updated with 75 records (2026-03-18 → 2026-06-05)
[sync] Done!
[Fri Jun  5 08:00:02 CST 2026] 数据无变化，无需推送
[sync] Fetching Feishu token...
[sync] Fetching records from Bitable...
[sync] Formatting records...
[sync] Updating HTML file...
[sync] Updated with 75 records (2026-03-18 → 2026-06-05)
[sync] Done!
[Fri Jun  5 08:30:01 CST 2026] 数据无变化，无需推送
[sync] Fetching Feishu token...
[sync] Fetching records from Bitable...
[sync] Formatting records...
[sync] Updating HTML file...
[sync] Updated with 75 records (2026-03-18 → 2026-06-05)
[sync] Done!
[Fri Jun  5 09:00:03 CST 2026] 数据无变化，无需推送
[sync] Fetching Feishu token...
[sync] Fetching records from Bitable...
[sync] Formatting records...
[sync] Updating HTML file...
[sync] Updated with 75 records (2026-03-18 → 2026-06-05)
[sync] Done!
[Fri Jun  5 09:30:02 CST 2026] 数据无变化，无需推送
[sync] Fetching Feishu token...
[sync] Fetching records from Bitable...
[sync] Formatting records...
[sync] Updating HTML file...
[sync] Updated with 75 records (2026-03-18 → 2026-06-05)
[sync] Done!
[Fri Jun  5 10:00:02 CST 2026] 数据无变化，无需推送
[sync] Fetching Feishu token...
[sync] Fetching records from Bitable...
[sync] Formatting records...
[sync] Updating HTML file...
[sync] Updated with 75 records (2026-03-18 → 2026-06-05)
[sync] Done!
[Fri Jun  5 10:30:02 CST 2026] 数据无变化，无需推送
[sync] Fetching Feishu token...
[sync] Fetching records from Bitable...
[sync] Formatting records...
[sync] Updating HTML file...
[sync] Updated with 75 records (2026-03-18 → 2026-06-05)
[sync] Done!
[Fri Jun  5 11:00:04 CST 2026] 数据无变化，无需推送
[sync] Fetching Feishu token...
[sync] Fetching records from Bitable...
[sync] Formatting records...
[sync] Updating HTML file...
[sync] Updated with 75 records (2026-03-18 → 2026-06-05)
[sync] Done!
[Fri Jun  5 11:30:03 CST 2026] 数据无变化，无需推送
[sync] Fetching Feishu token...
[sync] Fetching records from Bitable...
[sync] Formatting records...
[sync] Updating HTML file...
[sync] Updated with 74 records (2026-03-18 → 2026-06-05)
[sync] Done!
[main 64b9dad] Auto sync: 2026年06月05日 血压数据
 1 file changed, 1 deletion(-)
To github.com:sheachang2026/bp-trend-ZXY.git
   824f5ae..64b9dad  main -> main
[Fri Jun  5 12:00:09 CST 2026] 推送完成
[sync] Fetching Feishu token...
[sync] Fetching records from Bitable...
[sync] Formatting records...
[sync] Updating HTML file...
[sync] Updated with 75 records (2026-03-18 → 2026-06-05)
[sync] Done!
[main d780d0c] Auto sync: 2026年06月05日 血压数据
 1 file changed, 1 insertion(+)
To github.com:sheachang2026/bp-trend-ZXY.git
   64b9dad..d780d0c  main -> main
[Fri Jun  5 12:30:12 CST 2026] 推送完成
[sync] Fetching Feishu token...
[sync] Fetching records from Bitable...
[sync] Formatting records...
[sync] Updating HTML file...
[sync] Updated with 75 records (2026-03-18 → 2026-06-05)
[sync] Done!
[Fri Jun  5 13:00:02 CST 2026] 数据无变化，无需推送
[sync] Fetching Feishu token...
[sync] Fetching records from Bitable...
[sync] Formatting records...
[sync] Updating HTML file...
[sync] Updated with 75 records (2026-03-18 → 2026-06-05)
[sync] Done!
[Fri Jun  5 13:30:02 CST 2026] 数据无变化，无需推送
[sync] Fetching Feishu token...
[sync] Fetching records from Bitable...
[sync] Formatting records...
[sync] Updating HTML file...
[sync] Updated with 75 records (2026-03-18 → 2026-06-05)
[sync] Done!
[Fri Jun  5 14:00:02 CST 2026] 数据无变化，无需推送
[sync] Fetching Feishu token...
[sync] Fetching records from Bitable...
[sync] Formatting records...
[sync] Updating HTML file...
[sync] Updated with 75 records (2026-03-18 → 2026-06-05)
[sync] Done!
[Fri Jun  5 14:30:03 CST 2026] 数据无变化，无需推送
[sync] Fetching Feishu token...
[sync] Fetching records from Bitable...
[sync] Formatting records...
[sync] Updating HTML file...
[sync] Updated with 75 records (2026-03-18 → 2026-06-05)
[sync] Done!
[Fri Jun  5 15:00:02 CST 2026] 数据无变化，无需推送
[sync] Fetching Feishu token...
[sync] Fetching records from Bitable...
[sync] Formatting records...
[sync] Updating HTML file...
[sync] Updated with 75 records (2026-03-18 → 2026-06-05)
[sync] Done!
[Fri Jun  5 15:30:03 CST 2026] 数据无变化，无需推送
[sync] Fetching Feishu token...
[sync] Fetching records from Bitable...
[sync] Formatting records...
[sync] Updating HTML file...
[sync] Updated with 75 records (2026-03-18 → 2026-06-05)
[sync] Done!
[Fri Jun  5 16:00:04 CST 2026] 数据无变化，无需推送
[sync] Fetching Feishu token...
[sync] Fetching records from Bitable...
[sync] Formatting records...
[sync] Updating HTML file...
[sync] Updated with 75 records (2026-03-18 → 2026-06-05)
[sync] Done!
[Fri Jun  5 16:30:02 CST 2026] 数据无变化，无需推送
[sync] Fetching Feishu token...
[sync] Fetching records from Bitable...
[sync] Formatting records...
[sync] Updating HTML file...
[sync] Updated with 75 records (2026-03-18 → 2026-06-05)
[sync] Done!
[Fri Jun  5 17:00:06 CST 2026] 数据无变化，无需推送
[sync] Fetching Feishu token...
[sync] Fetching records from Bitable...
[sync] Formatting records...
[sync] Updating HTML file...
[sync] Updated with 75 records (2026-03-18 → 2026-06-05)
[sync] Done!
[Fri Jun  5 17:30:03 CST 2026] 数据无变化，无需推送
[sync] Fetching Feishu token...
[sync] Fetching records from Bitable...
[sync] Formatting records...
[sync] Updating HTML file...
[sync] Updated with 75 records (2026-03-18 → 2026-06-05)
[sync] Done!
[Fri Jun  5 18:00:03 CST 2026] 数据无变化，无需推送
[sync] Fetching Feishu token...
[sync] Fetching records from Bitable...
[sync] Formatting records...
[sync] Updating HTML file...
[sync] Updated with 75 records (2026-03-18 → 2026-06-05)
[sync] Done!
[Fri Jun  5 18:30:03 CST 2026] 数据无变化，无需推送
[sync] Fetching Feishu token...
[sync] Fetching records from Bitable...
[sync] Formatting records...
[sync] Updating HTML file...
[sync] Updated with 75 records (2026-03-18 → 2026-06-05)
[sync] Done!
[Fri Jun  5 19:00:03 CST 2026] 数据无变化，无需推送
[sync] Fetching Feishu token...
[sync] Fetching records from Bitable...
[sync] Formatting records...
[sync] Updating HTML file...
[sync] Updated with 75 records (2026-03-18 → 2026-06-05)
[sync] Done!
[Fri Jun  5 19:30:01 CST 2026] 数据无变化，无需推送
[sync] Fetching Feishu token...
[sync] Fetching records from Bitable...
[sync] Formatting records...
[sync] Updating HTML file...
[sync] Updated with 75 records (2026-03-18 → 2026-06-05)
[sync] Done!
[Fri Jun  5 20:00:02 CST 2026] 数据无变化，无需推送
[sync] Fetching Feishu token...
[sync] Fetching records from Bitable...
[sync] Formatting records...
[sync] Updating HTML file...
[sync] Updated with 75 records (2026-03-18 → 2026-06-05)
[sync] Done!
[Fri Jun  5 20:30:03 CST 2026] 数据无变化，无需推送
[sync] Fetching Feishu token...
[sync] Fetching records from Bitable...
[sync] Formatting records...
[sync] Updating HTML file...
[sync] Updated with 75 records (2026-03-18 → 2026-06-05)
[sync] Done!
[Fri Jun  5 21:00:03 CST 2026] 数据无变化，无需推送
[sync] Fetching Feishu token...
[sync] Fetching records from Bitable...
[sync] Formatting records...
[sync] Updating HTML file...
[sync] Updated with 75 records (2026-03-18 → 2026-06-05)
[sync] Done!
[Fri Jun  5 21:30:02 CST 2026] 数据无变化，无需推送
[sync] Fetching Feishu token...
[sync] Fetching records from Bitable...
[sync] Formatting records...
[sync] Updating HTML file...
[sync] Updated with 75 records (2026-03-18 → 2026-06-05)
[sync] Done!
[Fri Jun  5 22:00:03 CST 2026] 数据无变化，无需推送
[sync] Fetching Feishu token...
[sync] Fetching records from Bitable...
[sync] Formatting records...
[sync] Updating HTML file...
[sync] Updated with 75 records (2026-03-18 → 2026-06-05)
[sync] Done!
[Fri Jun  5 22:30:01 CST 2026] 数据无变化，无需推送
[sync] Fetching Feishu token...
[sync] Fetching records from Bitable...
[sync] Formatting records...
[sync] Updating HTML file...
[sync] Updated with 75 records (2026-03-18 → 2026-06-05)
[sync] Done!
[Fri Jun  5 23:00:02 CST 2026] 数据无变化，无需推送
[sync] Fetching Feishu token...
[sync] Fetching records from Bitable...
[sync] Formatting records...
[sync] Updating HTML file...
[sync] Updated with 75 records (2026-03-18 → 2026-06-05)
[sync] Done!
[Fri Jun  5 23:30:03 CST 2026] 数据无变化，无需推送
[sync] Fetching Feishu token...
[sync] Fetching records from Bitable...
[sync] Formatting records...
[sync] Updating HTML file...
[sync] Updated with 75 records (2026-03-18 → 2026-06-05)
[sync] Done!
[Sat Jun  6 00:00:03 CST 2026] 数据无变化，无需推送
[sync] Fetching Feishu token...
[sync] Fetching records from Bitable...
[sync] Formatting records...
[sync] Updating HTML file...
[sync] Updated with 75 records (2026-03-18 → 2026-06-05)
[sync] Done!
[Sat Jun  6 00:30:03 CST 2026] 数据无变化，无需推送
[sync] Fetching Feishu token...
[sync] Fetching records from Bitable...
[sync] Formatting records...
[sync] Updating HTML file...
[sync] Updated with 75 records (2026-03-18 → 2026-06-05)
[sync] Done!
[Sat Jun  6 01:00:01 CST 2026] 数据无变化，无需推送
[sync] Fetching Feishu token...
[sync] Fetching records from Bitable...
[sync] Formatting records...
[sync] Updating HTML file...
[sync] Updated with 75 records (2026-03-18 → 2026-06-05)
[sync] Done!
[Sat Jun  6 01:30:01 CST 2026] 数据无变化，无需推送
[sync] Fetching Feishu token...
[sync] Fetching records from Bitable...
[sync] Formatting records...
[sync] Updating HTML file...
[sync] Updated with 75 records (2026-03-18 → 2026-06-05)
[sync] Done!
[Sat Jun  6 02:00:02 CST 2026] 数据无变化，无需推送
[sync] Fetching Feishu token...
[sync] Fetching records from Bitable...
[sync] Formatting records...
[sync] Updating HTML file...
[sync] Updated with 75 records (2026-03-18 → 2026-06-05)
[sync] Done!
[Sat Jun  6 02:30:02 CST 2026] 数据无变化，无需推送
[sync] Fetching Feishu token...
[sync] Fetching records from Bitable...
[sync] Formatting records...
[sync] Updating HTML file...
[sync] Updated with 75 records (2026-03-18 → 2026-06-05)
[sync] Done!
[Sat Jun  6 03:00:03 CST 2026] 数据无变化，无需推送
[sync] Fetching Feishu token...
[sync] Fetching records from Bitable...
[sync] Formatting records...
[sync] Updating HTML file...
[sync] Updated with 75 records (2026-03-18 → 2026-06-05)
[sync] Done!
[Sat Jun  6 03:30:03 CST 2026] 数据无变化，无需推送
[sync] Fetching Feishu token...
[sync] Fetching records from Bitable...
[sync] Formatting records...
[sync] Updating HTML file...
[sync] Updated with 75 records (2026-03-18 → 2026-06-05)
[sync] Done!
[Sat Jun  6 04:00:02 CST 2026] 数据无变化，无需推送
[sync] Fetching Feishu token...
[sync] Fetching records from Bitable...
[sync] Formatting records...
[sync] Updating HTML file...
[sync] Updated with 75 records (2026-03-18 → 2026-06-05)
[sync] Done!
[Sat Jun  6 04:30:01 CST 2026] 数据无变化，无需推送
[sync] Fetching Feishu token...
[sync] Fetching records from Bitable...
[sync] Formatting records...
[sync] Updating HTML file...
[sync] Updated with 75 records (2026-03-18 → 2026-06-05)
[sync] Done!
[Sat Jun  6 05:00:02 CST 2026] 数据无变化，无需推送
[sync] Fetching Feishu token...
[sync] Fetching records from Bitable...
[sync] Formatting records...
[sync] Updating HTML file...
[sync] Updated with 75 records (2026-03-18 → 2026-06-05)
[sync] Done!
[Sat Jun  6 05:30:02 CST 2026] 数据无变化，无需推送
[sync] Fetching Feishu token...
[sync] Fetching records from Bitable...
[sync] Formatting records...
[sync] Updating HTML file...
[sync] Updated with 75 records (2026-03-18 → 2026-06-05)
[sync] Done!
[Sat Jun  6 06:00:03 CST 2026] 数据无变化，无需推送
[sync] Fetching Feishu token...
[sync] Fetching records from Bitable...
[sync] Formatting records...
[sync] Updating HTML file...
[sync] Updated with 75 records (2026-03-18 → 2026-06-05)
[sync] Done!
[Sat Jun  6 06:30:01 CST 2026] 数据无变化，无需推送
[sync] Fetching Feishu token...
[sync] Fetching records from Bitable...
[sync] Formatting records...
[sync] Updating HTML file...
[sync] Updated with 75 records (2026-03-18 → 2026-06-05)
[sync] Done!
[Sat Jun  6 07:00:02 CST 2026] 数据无变化，无需推送
[sync] Fetching Feishu token...
[sync] Fetching records from Bitable...
[sync] Formatting records...
[sync] Updating HTML file...
[sync] Updated with 75 records (2026-03-18 → 2026-06-05)
[sync] Done!
[Sat Jun  6 07:30:03 CST 2026] 数据无变化，无需推送
[sync] Fetching Feishu token...
[sync] Fetching records from Bitable...
[sync] Formatting records...
[sync] Updating HTML file...
[sync] Updated with 75 records (2026-03-18 → 2026-06-05)
[sync] Done!
[Sat Jun  6 08:00:02 CST 2026] 数据无变化，无需推送
[sync] Fetching Feishu token...
[sync] Fetching records from Bitable...
[sync] Formatting records...
[sync] Updating HTML file...
[sync] Updated with 75 records (2026-03-18 → 2026-06-05)
[sync] Done!
[Sat Jun  6 08:30:02 CST 2026] 数据无变化，无需推送
[sync] Fetching Feishu token...
[sync] Fetching records from Bitable...
[sync] Formatting records...
[sync] Updating HTML file...
[sync] Updated with 75 records (2026-03-18 → 2026-06-05)
[sync] Done!
[Sat Jun  6 09:00:03 CST 2026] 数据无变化，无需推送
[sync] Fetching Feishu token...
[sync] Fetching records from Bitable...
[sync] Formatting records...
[sync] Updating HTML file...
[sync] Updated with 76 records (2026-03-18 → 2026-06-06)
[sync] Done!
[main fcaae82] Auto sync: 2026年06月06日 血压数据
 1 file changed, 2 insertions(+), 1 deletion(-)
To github.com:sheachang2026/bp-trend-ZXY.git
   d780d0c..fcaae82  main -> main
[Sat Jun  6 09:30:07 CST 2026] 推送完成
[sync] Fetching Feishu token...
[sync] Fetching records from Bitable...
[sync] Formatting records...
[sync] Updating HTML file...
[sync] Updated with 76 records (2026-03-18 → 2026-06-06)
[sync] Done!
[Sat Jun  6 10:00:02 CST 2026] 数据无变化，无需推送
[sync] Fetching Feishu token...
[sync] Fetching records from Bitable...
[sync] Formatting records...
[sync] Updating HTML file...
[sync] Updated with 76 records (2026-03-18 → 2026-06-06)
[sync] Done!
[Sat Jun  6 10:30:02 CST 2026] 数据无变化，无需推送
[sync] Fetching Feishu token...
[sync] Fetching records from Bitable...
[sync] Formatting records...
[sync] Updating HTML file...
[sync] Updated with 76 records (2026-03-18 → 2026-06-06)
[sync] Done!
[Sat Jun  6 11:00:02 CST 2026] 数据无变化，无需推送
[sync] Fetching Feishu token...
[sync] Fetching records from Bitable...
[sync] Formatting records...
[sync] Updating HTML file...
[sync] Updated with 76 records (2026-03-18 → 2026-06-06)
[sync] Done!
[Sat Jun  6 11:30:02 CST 2026] 数据无变化，无需推送
[sync] Fetching Feishu token...
[sync] Fetching records from Bitable...
[sync] Formatting records...
[sync] Updating HTML file...
[sync] Updated with 76 records (2026-03-18 → 2026-06-06)
[sync] Done!
[Sat Jun  6 12:00:02 CST 2026] 数据无变化，无需推送
[sync] Fetching Feishu token...
[sync] Fetching records from Bitable...
[sync] Formatting records...
[sync] Updating HTML file...
[sync] Updated with 76 records (2026-03-18 → 2026-06-06)
[sync] Done!
[Sat Jun  6 12:30:05 CST 2026] 数据无变化，无需推送
[sync] Fetching Feishu token...
[sync] Fetching records from Bitable...
[sync] Formatting records...
[sync] Updating HTML file...
[sync] Updated with 76 records (2026-03-18 → 2026-06-06)
[sync] Done!
[Sat Jun  6 13:00:02 CST 2026] 数据无变化，无需推送
[sync] Fetching Feishu token...
[sync] Fetching records from Bitable...
[sync] Formatting records...
[sync] Updating HTML file...
[sync] Updated with 76 records (2026-03-18 → 2026-06-06)
[sync] Done!
[Sat Jun  6 13:30:01 CST 2026] 数据无变化，无需推送
[sync] Fetching Feishu token...
[sync] Fetching records from Bitable...
[sync] Formatting records...
[sync] Updating HTML file...
[sync] Updated with 76 records (2026-03-18 → 2026-06-06)
[sync] Done!
[Sat Jun  6 14:00:04 CST 2026] 数据无变化，无需推送
[sync] Fetching Feishu token...
[sync] Fetching records from Bitable...
[sync] Formatting records...
[sync] Updating HTML file...
[sync] Updated with 76 records (2026-03-18 → 2026-06-06)
[sync] Done!
[Sat Jun  6 14:30:02 CST 2026] 数据无变化，无需推送
[sync] Fetching Feishu token...
[sync] Fetching records from Bitable...
[sync] Formatting records...
[sync] Updating HTML file...
[sync] Updated with 76 records (2026-03-18 → 2026-06-06)
[sync] Done!
[Sat Jun  6 15:00:02 CST 2026] 数据无变化，无需推送
[sync] Fetching Feishu token...
[sync] Fetching records from Bitable...
[sync] Formatting records...
[sync] Updating HTML file...
[sync] Updated with 76 records (2026-03-18 → 2026-06-06)
[sync] Done!
[Sat Jun  6 15:30:02 CST 2026] 数据无变化，无需推送
[sync] Fetching Feishu token...
[sync] Fetching records from Bitable...
[sync] Formatting records...
[sync] Updating HTML file...
[sync] Updated with 76 records (2026-03-18 → 2026-06-06)
[sync] Done!
[Sat Jun  6 16:00:05 CST 2026] 数据无变化，无需推送
[sync] Fetching Feishu token...
[sync] Fetching records from Bitable...
[sync] Formatting records...
[sync] Updating HTML file...
[sync] Updated with 76 records (2026-03-18 → 2026-06-06)
[sync] Done!
[Sat Jun  6 16:30:02 CST 2026] 数据无变化，无需推送
[sync] Fetching Feishu token...
[sync] Fetching records from Bitable...
[sync] Formatting records...
[sync] Updating HTML file...
[sync] Updated with 76 records (2026-03-18 → 2026-06-06)
[sync] Done!
[Sat Jun  6 17:00:02 CST 2026] 数据无变化，无需推送
[sync] Fetching Feishu token...
[sync] Fetching records from Bitable...
[sync] Formatting records...
[sync] Updating HTML file...
[sync] Updated with 76 records (2026-03-18 → 2026-06-06)
[sync] Done!
[Sat Jun  6 17:30:01 CST 2026] 数据无变化，无需推送
[sync] Fetching Feishu token...
[sync] Fetching records from Bitable...
[sync] Formatting records...
[sync] Updating HTML file...
[sync] Updated with 76 records (2026-03-18 → 2026-06-06)
[sync] Done!
[Sat Jun  6 18:00:03 CST 2026] 数据无变化，无需推送
[sync] Fetching Feishu token...
[sync] Fetching records from Bitable...
[sync] Formatting records...
[sync] Updating HTML file...
[sync] Updated with 76 records (2026-03-18 → 2026-06-06)
[sync] Done!
[Sat Jun  6 18:30:02 CST 2026] 数据无变化，无需推送
[sync] Fetching Feishu token...
[sync] Fetching records from Bitable...
[sync] Formatting records...
[sync] Updating HTML file...
[sync] Updated with 76 records (2026-03-18 → 2026-06-06)
[sync] Done!
[Sat Jun  6 19:00:02 CST 2026] 数据无变化，无需推送
[sync] Fetching Feishu token...
[sync] Fetching records from Bitable...
[sync] Formatting records...
[sync] Updating HTML file...
[sync] Updated with 76 records (2026-03-18 → 2026-06-06)
[sync] Done!
[Sat Jun  6 19:30:03 CST 2026] 数据无变化，无需推送
[sync] Fetching Feishu token...
[sync] Fetching records from Bitable...
[sync] Formatting records...
[sync] Updating HTML file...
[sync] Updated with 76 records (2026-03-18 → 2026-06-06)
[sync] Done!
[Sat Jun  6 20:00:04 CST 2026] 数据无变化，无需推送
[sync] Fetching Feishu token...
[sync] Fetching records from Bitable...
[sync] Formatting records...
[sync] Updating HTML file...
[sync] Updated with 76 records (2026-03-18 → 2026-06-06)
[sync] Done!
[Sat Jun  6 20:30:01 CST 2026] 数据无变化，无需推送
[sync] Fetching Feishu token...
[sync] Fetching records from Bitable...
[sync] Formatting records...
[sync] Updating HTML file...
[sync] Updated with 76 records (2026-03-18 → 2026-06-06)
[sync] Done!
[Sat Jun  6 21:00:02 CST 2026] 数据无变化，无需推送
[sync] Fetching Feishu token...
[sync] Fetching records from Bitable...
[sync] Formatting records...
[sync] Updating HTML file...
[sync] Updated with 76 records (2026-03-18 → 2026-06-06)
[sync] Done!
[Sat Jun  6 21:30:02 CST 2026] 数据无变化，无需推送
[sync] Fetching Feishu token...
[sync] Fetching records from Bitable...
[sync] Formatting records...
[sync] Updating HTML file...
[sync] Updated with 76 records (2026-03-18 → 2026-06-06)
[sync] Done!
[Sat Jun  6 22:00:02 CST 2026] 数据无变化，无需推送
[sync] Fetching Feishu token...
[sync] Fetching records from Bitable...
[sync] Formatting records...
[sync] Updating HTML file...
[sync] Updated with 76 records (2026-03-18 → 2026-06-06)
[sync] Done!
[Sat Jun  6 22:30:02 CST 2026] 数据无变化，无需推送
[sync] Fetching Feishu token...
[sync] Fetching records from Bitable...
[sync] Formatting records...
[sync] Updating HTML file...
[sync] Updated with 76 records (2026-03-18 → 2026-06-06)
[sync] Done!
[Sat Jun  6 23:00:02 CST 2026] 数据无变化，无需推送
[sync] Fetching Feishu token...
[sync] Fetching records from Bitable...
[sync] Formatting records...
[sync] Updating HTML file...
[sync] Updated with 76 records (2026-03-18 → 2026-06-06)
[sync] Done!
[Sat Jun  6 23:30:04 CST 2026] 数据无变化，无需推送
[sync] Fetching Feishu token...
[sync] Fetching records from Bitable...
[sync] Formatting records...
[sync] Updating HTML file...
[sync] Updated with 76 records (2026-03-18 → 2026-06-06)
[sync] Done!
[Sun Jun  7 00:00:02 CST 2026] 数据无变化，无需推送
[sync] Fetching Feishu token...
[sync] Fetching records from Bitable...
[sync] Formatting records...
[sync] Updating HTML file...
[sync] Updated with 76 records (2026-03-18 → 2026-06-06)
[sync] Done!
[Sun Jun  7 00:30:04 CST 2026] 数据无变化，无需推送
[sync] Fetching Feishu token...
[sync] Fetching records from Bitable...
[sync] Formatting records...
[sync] Updating HTML file...
[sync] Updated with 76 records (2026-03-18 → 2026-06-06)
[sync] Done!
[Sun Jun  7 01:00:02 CST 2026] 数据无变化，无需推送
[sync] Fetching Feishu token...
[sync] Fetching records from Bitable...
[sync] Formatting records...
[sync] Updating HTML file...
[sync] Updated with 76 records (2026-03-18 → 2026-06-06)
[sync] Done!
[Sun Jun  7 01:30:02 CST 2026] 数据无变化，无需推送
[sync] Fetching Feishu token...
[sync] Fetching records from Bitable...
[sync] Formatting records...
[sync] Updating HTML file...
[sync] Updated with 76 records (2026-03-18 → 2026-06-06)
[sync] Done!
[Sun Jun  7 02:00:01 CST 2026] 数据无变化，无需推送
[sync] Fetching Feishu token...
[sync] Fetching records from Bitable...
[sync] Formatting records...
[sync] Updating HTML file...
[sync] Updated with 76 records (2026-03-18 → 2026-06-06)
[sync] Done!
[Sun Jun  7 02:30:02 CST 2026] 数据无变化，无需推送
[sync] Fetching Feishu token...
[sync] Fetching records from Bitable...
[sync] Formatting records...
[sync] Updating HTML file...
[sync] Updated with 76 records (2026-03-18 → 2026-06-06)
[sync] Done!
[Sun Jun  7 03:00:02 CST 2026] 数据无变化，无需推送
[sync] Fetching Feishu token...
[sync] Fetching records from Bitable...
[sync] Formatting records...
[sync] Updating HTML file...
[sync] Updated with 76 records (2026-03-18 → 2026-06-06)
[sync] Done!
[Sun Jun  7 03:30:02 CST 2026] 数据无变化，无需推送
[sync] Fetching Feishu token...
[sync] Fetching records from Bitable...
[sync] Formatting records...
[sync] Updating HTML file...
[sync] Updated with 76 records (2026-03-18 → 2026-06-06)
[sync] Done!
[Sun Jun  7 04:00:02 CST 2026] 数据无变化，无需推送
[sync] Fetching Feishu token...
[sync] Fetching records from Bitable...
[sync] Formatting records...
[sync] Updating HTML file...
[sync] Updated with 76 records (2026-03-18 → 2026-06-06)
[sync] Done!
[Sun Jun  7 04:30:02 CST 2026] 数据无变化，无需推送
[sync] Fetching Feishu token...
[sync] Fetching records from Bitable...
[sync] Formatting records...
[sync] Updating HTML file...
[sync] Updated with 76 records (2026-03-18 → 2026-06-06)
[sync] Done!
[Sun Jun  7 05:00:02 CST 2026] 数据无变化，无需推送
[sync] Fetching Feishu token...
[sync] Fetching records from Bitable...
[sync] Formatting records...
[sync] Updating HTML file...
[sync] Updated with 76 records (2026-03-18 → 2026-06-06)
[sync] Done!
[Sun Jun  7 05:30:01 CST 2026] 数据无变化，无需推送
[sync] Fetching Feishu token...
[sync] Fetching records from Bitable...
[sync] Formatting records...
[sync] Updating HTML file...
[sync] Updated with 76 records (2026-03-18 → 2026-06-06)
[sync] Done!
[Sun Jun  7 06:00:02 CST 2026] 数据无变化，无需推送
[sync] Fetching Feishu token...
[sync] Fetching records from Bitable...
[sync] Formatting records...
[sync] Updating HTML file...
[sync] Updated with 76 records (2026-03-18 → 2026-06-06)
[sync] Done!
[Sun Jun  7 06:30:02 CST 2026] 数据无变化，无需推送
[sync] Fetching Feishu token...
[sync] Fetching records from Bitable...
[sync] Formatting records...
[sync] Updating HTML file...
[sync] Updated with 76 records (2026-03-18 → 2026-06-06)
[sync] Done!
[Sun Jun  7 07:00:02 CST 2026] 数据无变化，无需推送
[sync] Fetching Feishu token...
[sync] Fetching records from Bitable...
[sync] Formatting records...
[sync] Updating HTML file...
[sync] Updated with 76 records (2026-03-18 → 2026-06-06)
[sync] Done!
[Sun Jun  7 07:30:03 CST 2026] 数据无变化，无需推送
[sync] Fetching Feishu token...
[sync] Fetching records from Bitable...
[sync] Formatting records...
[sync] Updating HTML file...
[sync] Updated with 76 records (2026-03-18 → 2026-06-06)
[sync] Done!
[Sun Jun  7 08:00:02 CST 2026] 数据无变化，无需推送
[sync] Fetching Feishu token...
[sync] Fetching records from Bitable...
[sync] Formatting records...
[sync] Updating HTML file...
[sync] Updated with 77 records (2026-03-18 → 2026-06-07)
[sync] Done!
[main 84ffc34] Auto sync: 2026年06月07日 血压数据
 1 file changed, 2 insertions(+), 1 deletion(-)
To github.com:sheachang2026/bp-trend-ZXY.git
   fcaae82..84ffc34  main -> main
[Sun Jun  7 08:30:07 CST 2026] 推送完成
[sync] Fetching Feishu token...
[sync] Fetching records from Bitable...
[sync] Formatting records...
[sync] Updating HTML file...
[sync] Updated with 77 records (2026-03-18 → 2026-06-07)
[sync] Done!
[Sun Jun  7 09:00:03 CST 2026] 数据无变化，无需推送
[sync] Fetching Feishu token...
[sync] Fetching records from Bitable...
[sync] Formatting records...
[sync] Updating HTML file...
[sync] Updated with 77 records (2026-03-18 → 2026-06-07)
[sync] Done!
[Sun Jun  7 09:30:02 CST 2026] 数据无变化，无需推送
[sync] Fetching Feishu token...
[sync] Fetching records from Bitable...
[sync] Formatting records...
[sync] Updating HTML file...
[sync] Updated with 77 records (2026-03-18 → 2026-06-07)
[sync] Done!
[Sun Jun  7 10:00:01 CST 2026] 数据无变化，无需推送
[sync] Fetching Feishu token...
[sync] Fetching records from Bitable...
[sync] Formatting records...
[sync] Updating HTML file...
[sync] Updated with 77 records (2026-03-18 → 2026-06-07)
[sync] Done!
[Sun Jun  7 10:30:03 CST 2026] 数据无变化，无需推送
[sync] Fetching Feishu token...
[sync] Fetching records from Bitable...
[sync] Formatting records...
[sync] Updating HTML file...
[sync] Updated with 77 records (2026-03-18 → 2026-06-07)
[sync] Done!
[Sun Jun  7 11:00:03 CST 2026] 数据无变化，无需推送
[sync] Fetching Feishu token...
[sync] Fetching records from Bitable...
[sync] Formatting records...
[sync] Updating HTML file...
[sync] Updated with 77 records (2026-03-18 → 2026-06-07)
[sync] Done!
[Sun Jun  7 11:30:02 CST 2026] 数据无变化，无需推送
[sync] Fetching Feishu token...
[sync] Fetching records from Bitable...
[sync] Formatting records...
[sync] Updating HTML file...
[sync] Updated with 77 records (2026-03-18 → 2026-06-07)
[sync] Done!
[Sun Jun  7 12:00:03 CST 2026] 数据无变化，无需推送
[sync] Fetching Feishu token...
[sync] Fetching records from Bitable...
[sync] Formatting records...
[sync] Updating HTML file...
[sync] Updated with 77 records (2026-03-18 → 2026-06-07)
[sync] Done!
[Sun Jun  7 12:30:03 CST 2026] 数据无变化，无需推送
[sync] Fetching Feishu token...
[sync] Fetching records from Bitable...
[sync] Formatting records...
[sync] Updating HTML file...
[sync] Updated with 77 records (2026-03-18 → 2026-06-07)
[sync] Done!
[Sun Jun  7 13:00:02 CST 2026] 数据无变化，无需推送
[sync] Fetching Feishu token...
[sync] Fetching records from Bitable...
[sync] Formatting records...
[sync] Updating HTML file...
[sync] Updated with 77 records (2026-03-18 → 2026-06-07)
[sync] Done!
[Sun Jun  7 13:30:02 CST 2026] 数据无变化，无需推送
[sync] Fetching Feishu token...
[sync] Fetching records from Bitable...
[sync] Formatting records...
[sync] Updating HTML file...
[sync] Updated with 77 records (2026-03-18 → 2026-06-07)
[sync] Done!
[Sun Jun  7 14:00:03 CST 2026] 数据无变化，无需推送
[sync] Fetching Feishu token...
[sync] Fetching records from Bitable...
[sync] Formatting records...
[sync] Updating HTML file...
[sync] Updated with 77 records (2026-03-18 → 2026-06-07)
[sync] Done!
[Sun Jun  7 14:30:04 CST 2026] 数据无变化，无需推送
[sync] Fetching Feishu token...
[sync] Fetching records from Bitable...
[sync] Formatting records...
[sync] Updating HTML file...
[sync] Updated with 77 records (2026-03-18 → 2026-06-07)
[sync] Done!
[Sun Jun  7 15:00:01 CST 2026] 数据无变化，无需推送
[sync] Fetching Feishu token...
[sync] Fetching records from Bitable...
[sync] Formatting records...
[sync] Updating HTML file...
[sync] Updated with 77 records (2026-03-18 → 2026-06-07)
[sync] Done!
[Sun Jun  7 15:30:02 CST 2026] 数据无变化，无需推送
[sync] Fetching Feishu token...
[sync] Fetching records from Bitable...
[sync] Formatting records...
[sync] Updating HTML file...
[sync] Updated with 77 records (2026-03-18 → 2026-06-07)
[sync] Done!
[Sun Jun  7 16:00:02 CST 2026] 数据无变化，无需推送
[sync] Fetching Feishu token...
[sync] Fetching records from Bitable...
[sync] Formatting records...
[sync] Updating HTML file...
[sync] Updated with 77 records (2026-03-18 → 2026-06-07)
[sync] Done!
[Sun Jun  7 16:30:02 CST 2026] 数据无变化，无需推送
[sync] Fetching Feishu token...
[sync] Fetching records from Bitable...
[sync] Formatting records...
[sync] Updating HTML file...
[sync] Updated with 77 records (2026-03-18 → 2026-06-07)
[sync] Done!
[Sun Jun  7 17:00:02 CST 2026] 数据无变化，无需推送
[sync] Fetching Feishu token...
[sync] Fetching records from Bitable...
[sync] Formatting records...
[sync] Updating HTML file...
[sync] Updated with 77 records (2026-03-18 → 2026-06-07)
[sync] Done!
[Sun Jun  7 17:30:03 CST 2026] 数据无变化，无需推送
[sync] Fetching Feishu token...
[sync] Fetching records from Bitable...
[sync] Formatting records...
[sync] Updating HTML file...
[sync] Updated with 77 records (2026-03-18 → 2026-06-07)
[sync] Done!
[Sun Jun  7 18:00:05 CST 2026] 数据无变化，无需推送
[sync] Fetching Feishu token...
[sync] Fetching records from Bitable...
[sync] Formatting records...
[sync] Updating HTML file...
[sync] Updated with 77 records (2026-03-18 → 2026-06-07)
[sync] Done!
[Sun Jun  7 18:30:02 CST 2026] 数据无变化，无需推送
[sync] Fetching Feishu token...
[sync] Fetching records from Bitable...
[sync] Formatting records...
[sync] Updating HTML file...
[sync] Updated with 77 records (2026-03-18 → 2026-06-07)
[sync] Done!
[Sun Jun  7 19:00:03 CST 2026] 数据无变化，无需推送
[sync] Fetching Feishu token...
[sync] Fetching records from Bitable...
[sync] Formatting records...
[sync] Updating HTML file...
[sync] Updated with 77 records (2026-03-18 → 2026-06-07)
[sync] Done!
[Sun Jun  7 19:30:02 CST 2026] 数据无变化，无需推送
[sync] Fetching Feishu token...
[sync] Fetching records from Bitable...
[sync] Formatting records...
[sync] Updating HTML file...
[sync] Updated with 77 records (2026-03-18 → 2026-06-07)
[sync] Done!
[Sun Jun  7 20:00:03 CST 2026] 数据无变化，无需推送
[sync] Fetching Feishu token...
[sync] Fetching records from Bitable...
[sync] Formatting records...
[sync] Updating HTML file...
[sync] Updated with 77 records (2026-03-18 → 2026-06-07)
[sync] Done!
[Sun Jun  7 20:30:02 CST 2026] 数据无变化，无需推送
[sync] Fetching Feishu token...
[sync] Fetching records from Bitable...
[sync] Formatting records...
[sync] Updating HTML file...
[sync] Updated with 77 records (2026-03-18 → 2026-06-07)
[sync] Done!
[Sun Jun  7 21:00:02 CST 2026] 数据无变化，无需推送
[sync] Fetching Feishu token...
[sync] Fetching records from Bitable...
[sync] Formatting records...
[sync] Updating HTML file...
[sync] Updated with 77 records (2026-03-18 → 2026-06-07)
[sync] Done!
[Sun Jun  7 21:30:03 CST 2026] 数据无变化，无需推送
[sync] Fetching Feishu token...
[sync] Fetching records from Bitable...
[sync] Formatting records...
[sync] Updating HTML file...
[sync] Updated with 77 records (2026-03-18 → 2026-06-07)
[sync] Done!
[Sun Jun  7 22:00:03 CST 2026] 数据无变化，无需推送
[sync] Fetching Feishu token...
[sync] Fetching records from Bitable...
[sync] Formatting records...
[sync] Updating HTML file...
[sync] Updated with 77 records (2026-03-18 → 2026-06-07)
[sync] Done!
[Sun Jun  7 22:30:03 CST 2026] 数据无变化，无需推送
[sync] Fetching Feishu token...
[sync] Fetching records from Bitable...
[sync] Formatting records...
[sync] Updating HTML file...
[sync] Updated with 77 records (2026-03-18 → 2026-06-07)
[sync] Done!
[Sun Jun  7 23:00:05 CST 2026] 数据无变化，无需推送
[sync] Fetching Feishu token...
[sync] Fetching records from Bitable...
[sync] Formatting records...
[sync] Updating HTML file...
[sync] Updated with 77 records (2026-03-18 → 2026-06-07)
[sync] Done!
[Sun Jun  7 23:30:04 CST 2026] 数据无变化，无需推送
[sync] Fetching Feishu token...
[sync] Fetching records from Bitable...
[sync] Formatting records...
[sync] Updating HTML file...
[sync] Updated with 77 records (2026-03-18 → 2026-06-07)
[sync] Done!
[Mon Jun  8 00:00:03 CST 2026] 数据无变化，无需推送
[sync] Fetching Feishu token...
[sync] Fetching records from Bitable...
[sync] Formatting records...
[sync] Updating HTML file...
[sync] Updated with 77 records (2026-03-18 → 2026-06-07)
[sync] Done!
[Mon Jun  8 00:30:02 CST 2026] 数据无变化，无需推送
[sync] Fetching Feishu token...
[sync] Fetching records from Bitable...
[sync] Formatting records...
[sync] Updating HTML file...
[sync] Updated with 77 records (2026-03-18 → 2026-06-07)
[sync] Done!
[Mon Jun  8 01:00:02 CST 2026] 数据无变化，无需推送
[sync] Fetching Feishu token...
[sync] Fetching records from Bitable...
[sync] Formatting records...
[sync] Updating HTML file...
[sync] Updated with 77 records (2026-03-18 → 2026-06-07)
[sync] Done!
[Mon Jun  8 01:30:02 CST 2026] 数据无变化，无需推送
[sync] Fetching Feishu token...
[sync] Fetching records from Bitable...
[sync] Formatting records...
[sync] Updating HTML file...
[sync] Updated with 77 records (2026-03-18 → 2026-06-07)
[sync] Done!
[Mon Jun  8 02:00:02 CST 2026] 数据无变化，无需推送
[sync] Fetching Feishu token...
[sync] Fetching records from Bitable...
[sync] Formatting records...
[sync] Updating HTML file...
[sync] Updated with 77 records (2026-03-18 → 2026-06-07)
[sync] Done!
[Mon Jun  8 02:30:01 CST 2026] 数据无变化，无需推送
[sync] Fetching Feishu token...
[sync] Fetching records from Bitable...
[sync] Formatting records...
[sync] Updating HTML file...
[sync] Updated with 77 records (2026-03-18 → 2026-06-07)
[sync] Done!
[Mon Jun  8 03:00:03 CST 2026] 数据无变化，无需推送
[sync] Fetching Feishu token...
[sync] Fetching records from Bitable...
[sync] Formatting records...
[sync] Updating HTML file...
[sync] Updated with 77 records (2026-03-18 → 2026-06-07)
[sync] Done!
[Mon Jun  8 03:30:02 CST 2026] 数据无变化，无需推送
[sync] Fetching Feishu token...
[sync] Fetching records from Bitable...
[sync] Formatting records...
[sync] Updating HTML file...
[sync] Updated with 77 records (2026-03-18 → 2026-06-07)
[sync] Done!
[Mon Jun  8 04:00:02 CST 2026] 数据无变化，无需推送
[sync] Fetching Feishu token...
[sync] Fetching records from Bitable...
[sync] Formatting records...
[sync] Updating HTML file...
[sync] Updated with 77 records (2026-03-18 → 2026-06-07)
[sync] Done!
[Mon Jun  8 04:30:02 CST 2026] 数据无变化，无需推送
[sync] Fetching Feishu token...
[sync] Fetching records from Bitable...
[sync] Formatting records...
[sync] Updating HTML file...
[sync] Updated with 77 records (2026-03-18 → 2026-06-07)
[sync] Done!
[Mon Jun  8 05:00:03 CST 2026] 数据无变化，无需推送
[sync] Fetching Feishu token...
[sync] Fetching records from Bitable...
[sync] Formatting records...
[sync] Updating HTML file...
[sync] Updated with 77 records (2026-03-18 → 2026-06-07)
[sync] Done!
[Mon Jun  8 05:30:02 CST 2026] 数据无变化，无需推送
[sync] Fetching Feishu token...
[sync] Fetching records from Bitable...
[sync] Formatting records...
[sync] Updating HTML file...
[sync] Updated with 77 records (2026-03-18 → 2026-06-07)
[sync] Done!
[Mon Jun  8 06:00:02 CST 2026] 数据无变化，无需推送
[sync] Fetching Feishu token...
[sync] Fetching records from Bitable...
[sync] Formatting records...
[sync] Updating HTML file...
[sync] Updated with 77 records (2026-03-18 → 2026-06-07)
[sync] Done!
[Mon Jun  8 06:30:01 CST 2026] 数据无变化，无需推送
[sync] Fetching Feishu token...
[sync] Fetching records from Bitable...
[sync] Formatting records...
[sync] Updating HTML file...
[sync] Updated with 77 records (2026-03-18 → 2026-06-07)
[sync] Done!
[Mon Jun  8 07:00:01 CST 2026] 数据无变化，无需推送
[sync] Fetching Feishu token...
[sync] Fetching records from Bitable...
[sync] Formatting records...
[sync] Updating HTML file...
[sync] Updated with 77 records (2026-03-18 → 2026-06-07)
[sync] Done!
[Mon Jun  8 07:30:02 CST 2026] 数据无变化，无需推送
[sync] Fetching Feishu token...
[sync] Fetching records from Bitable...
[sync] Formatting records...
[sync] Updating HTML file...
[sync] Updated with 78 records (2026-03-18 → 2026-06-08)
[sync] Done!
[Mon Jun  8 08:00:01 CST 2026] 数据无变化，无需推送
[sync] Fetching Feishu token...
[sync] Fetching records from Bitable...
[sync] Formatting records...
[sync] Updating HTML file...
[sync] Updated with 78 records (2026-03-18 → 2026-06-08)
[sync] Done!
[Mon Jun  8 08:30:02 CST 2026] 数据无变化，无需推送
[sync] Fetching Feishu token...
[sync] Fetching records from Bitable...
[sync] Formatting records...
[sync] Updating HTML file...
[sync] Updated with 78 records (2026-03-18 → 2026-06-08)
[sync] Done!
[Mon Jun  8 09:00:03 CST 2026] 数据无变化，无需推送
[sync] Fetching Feishu token...
[sync] Fetching records from Bitable...
[sync] Formatting records...
[sync] Updating HTML file...
[sync] Updated with 78 records (2026-03-18 → 2026-06-08)
[sync] Done!
[Mon Jun  8 09:30:02 CST 2026] 数据无变化，无需推送
[sync] Fetching Feishu token...
[sync] Fetching records from Bitable...
[sync] Formatting records...
[sync] Updating HTML file...
[sync] Updated with 78 records (2026-03-18 → 2026-06-08)
[sync] Done!
[Mon Jun  8 10:00:03 CST 2026] 数据无变化，无需推送
[sync] Fetching Feishu token...
[sync] Fetching records from Bitable...
[sync] Formatting records...
[sync] Updating HTML file...
[sync] Updated with 78 records (2026-03-18 → 2026-06-08)
[sync] Done!
[Mon Jun  8 10:30:03 CST 2026] 数据无变化，无需推送
[sync] Fetching Feishu token...
[sync] Fetching records from Bitable...
[sync] Formatting records...
[sync] Updating HTML file...
[sync] Updated with 78 records (2026-03-18 → 2026-06-08)
[sync] Done!
[Mon Jun  8 11:00:03 CST 2026] 数据无变化，无需推送
[sync] Fetching Feishu token...
[sync] Fetching records from Bitable...
[sync] Formatting records...
[sync] Updating HTML file...
[sync] Updated with 77 records (2026-03-18 → 2026-06-08)
[sync] Done!
[main e01cdb6] Auto sync: 2026年06月08日 血压数据
 1 file changed, 1 deletion(-)
To github.com:sheachang2026/bp-trend-ZXY.git
   5df012a..e01cdb6  main -> main
[Mon Jun  8 11:30:07 CST 2026] 推送完成
[sync] Fetching Feishu token...
[sync] Fetching records from Bitable...
[sync] Formatting records...
[sync] Updating HTML file...
[sync] Updated with 78 records (2026-03-18 → 2026-06-08)
[sync] Done!
[main 0ca3774] Auto sync: 2026年06月08日 血压数据
 1 file changed, 1 insertion(+)
To github.com:sheachang2026/bp-trend-ZXY.git
   e01cdb6..0ca3774  main -> main
[Mon Jun  8 12:00:09 CST 2026] 推送完成
[sync] Fetching Feishu token...
[sync] Fetching records from Bitable...
[sync] Formatting records...
[sync] Updating HTML file...
[sync] Updated with 78 records (2026-03-18 → 2026-06-08)
[sync] Done!
[Mon Jun  8 12:30:03 CST 2026] 数据无变化，无需推送
[sync] Fetching Feishu token...
[sync] Fetching records from Bitable...
[sync] Formatting records...
[sync] Updating HTML file...
[sync] Updated with 78 records (2026-03-18 → 2026-06-08)
[sync] Done!
[Mon Jun  8 13:00:03 CST 2026] 数据无变化，无需推送
[sync] Fetching Feishu token...
[sync] Fetching records from Bitable...
[sync] Formatting records...
[sync] Updating HTML file...
[sync] Updated with 78 records (2026-03-18 → 2026-06-08)
[sync] Done!
[Mon Jun  8 13:30:01 CST 2026] 数据无变化，无需推送
[sync] Fetching Feishu token...
[sync] Fetching records from Bitable...
[sync] Formatting records...
[sync] Updating HTML file...
[sync] Updated with 78 records (2026-03-18 → 2026-06-08)
[sync] Done!
[Mon Jun  8 14:00:02 CST 2026] 数据无变化，无需推送
[sync] Fetching Feishu token...
[sync] Fetching records from Bitable...
[sync] Formatting records...
[sync] Updating HTML file...
[sync] Updated with 78 records (2026-03-18 → 2026-06-08)
[sync] Done!
[Mon Jun  8 14:30:03 CST 2026] 数据无变化，无需推送
[sync] Fetching Feishu token...
[sync] Fetching records from Bitable...
[sync] Formatting records...
[sync] Updating HTML file...
[sync] Updated with 78 records (2026-03-18 → 2026-06-08)
[sync] Done!
[Mon Jun  8 15:00:03 CST 2026] 数据无变化，无需推送
[sync] Fetching Feishu token...
[sync] Fetching records from Bitable...
[sync] Formatting records...
[sync] Updating HTML file...
[sync] Updated with 78 records (2026-03-18 → 2026-06-08)
[sync] Done!
[Mon Jun  8 15:30:03 CST 2026] 数据无变化，无需推送
[sync] Fetching Feishu token...
[sync] Fetching records from Bitable...
[sync] Formatting records...
[sync] Updating HTML file...
[sync] Updated with 78 records (2026-03-18 → 2026-06-08)
[sync] Done!
[Mon Jun  8 16:00:03 CST 2026] 数据无变化，无需推送
[sync] Fetching Feishu token...
[sync] Fetching records from Bitable...
[sync] Formatting records...
[sync] Updating HTML file...
[sync] Updated with 78 records (2026-03-18 → 2026-06-08)
[sync] Done!
[Mon Jun  8 16:30:02 CST 2026] 数据无变化，无需推送
[sync] Fetching Feishu token...
[sync] Fetching records from Bitable...
[sync] Formatting records...
[sync] Updating HTML file...
[sync] Updated with 78 records (2026-03-18 → 2026-06-08)
[sync] Done!
[Mon Jun  8 17:00:02 CST 2026] 数据无变化，无需推送
[sync] Fetching Feishu token...
[sync] Fetching records from Bitable...
[sync] Formatting records...
[sync] Updating HTML file...
[sync] Updated with 78 records (2026-03-18 → 2026-06-08)
[sync] Done!
[Mon Jun  8 17:30:03 CST 2026] 数据无变化，无需推送
[sync] Fetching Feishu token...
[sync] Fetching records from Bitable...
[sync] Formatting records...
[sync] Updating HTML file...
[sync] Updated with 78 records (2026-03-18 → 2026-06-08)
[sync] Done!
[Mon Jun  8 18:00:03 CST 2026] 数据无变化，无需推送
[sync] Fetching Feishu token...
[sync] Fetching records from Bitable...
[sync] Formatting records...
[sync] Updating HTML file...
[sync] Updated with 78 records (2026-03-18 → 2026-06-08)
[sync] Done!
[Mon Jun  8 18:30:02 CST 2026] 数据无变化，无需推送
[sync] Fetching Feishu token...
[sync] Fetching records from Bitable...
[sync] Formatting records...
[sync] Updating HTML file...
[sync] Updated with 78 records (2026-03-18 → 2026-06-08)
[sync] Done!
[Mon Jun  8 19:00:02 CST 2026] 数据无变化，无需推送
[sync] Fetching Feishu token...
[sync] Fetching records from Bitable...
[sync] Formatting records...
[sync] Updating HTML file...
[sync] Updated with 78 records (2026-03-18 → 2026-06-08)
[sync] Done!
[Mon Jun  8 19:30:02 CST 2026] 数据无变化，无需推送
[sync] Fetching Feishu token...
[sync] Fetching records from Bitable...
[sync] Formatting records...
[sync] Updating HTML file...
[sync] Updated with 78 records (2026-03-18 → 2026-06-08)
[sync] Done!
[Mon Jun  8 20:00:02 CST 2026] 数据无变化，无需推送
[sync] Fetching Feishu token...
[sync] Fetching records from Bitable...
[sync] Formatting records...
[sync] Updating HTML file...
[sync] Updated with 78 records (2026-03-18 → 2026-06-08)
[sync] Done!
[Mon Jun  8 20:30:01 CST 2026] 数据无变化，无需推送
[sync] Fetching Feishu token...
[sync] Fetching records from Bitable...
[sync] Formatting records...
[sync] Updating HTML file...
[sync] Updated with 78 records (2026-03-18 → 2026-06-08)
[sync] Done!
[Mon Jun  8 21:00:02 CST 2026] 数据无变化，无需推送
[sync] Fetching Feishu token...
[sync] Fetching records from Bitable...
[sync] Formatting records...
[sync] Updating HTML file...
[sync] Updated with 78 records (2026-03-18 → 2026-06-08)
[sync] Done!
[Mon Jun  8 21:30:02 CST 2026] 数据无变化，无需推送
[sync] Fetching Feishu token...
[sync] Fetching records from Bitable...
[sync] Formatting records...
[sync] Updating HTML file...
[sync] Updated with 78 records (2026-03-18 → 2026-06-08)
[sync] Done!
[Mon Jun  8 22:00:02 CST 2026] 数据无变化，无需推送
[sync] Fetching Feishu token...
[sync] Fetching records from Bitable...
[sync] Formatting records...
[sync] Updating HTML file...
[sync] Updated with 78 records (2026-03-18 → 2026-06-08)
[sync] Done!
[Mon Jun  8 22:30:01 CST 2026] 数据无变化，无需推送
[sync] Fetching Feishu token...
[sync] Fetching records from Bitable...
[sync] Formatting records...
[sync] Updating HTML file...
[sync] Updated with 78 records (2026-03-18 → 2026-06-08)
[sync] Done!
[Mon Jun  8 23:00:02 CST 2026] 数据无变化，无需推送
[sync] Fetching Feishu token...
[sync] Fetching records from Bitable...
[sync] Formatting records...
[sync] Updating HTML file...
[sync] Updated with 78 records (2026-03-18 → 2026-06-08)
[sync] Done!
[Mon Jun  8 23:30:03 CST 2026] 数据无变化，无需推送
[sync] Fetching Feishu token...
[sync] Fetching records from Bitable...
[sync] Formatting records...
[sync] Updating HTML file...
[sync] Updated with 78 records (2026-03-18 → 2026-06-08)
[sync] Done!
[Tue Jun  9 00:00:03 CST 2026] 数据无变化，无需推送
[sync] Fetching Feishu token...
[sync] Fetching records from Bitable...
[sync] Formatting records...
[sync] Updating HTML file...
[sync] Updated with 78 records (2026-03-18 → 2026-06-08)
[sync] Done!
[Tue Jun  9 00:30:01 CST 2026] 数据无变化，无需推送
[sync] Fetching Feishu token...
[sync] Fetching records from Bitable...
[sync] Formatting records...
[sync] Updating HTML file...
[sync] Updated with 78 records (2026-03-18 → 2026-06-08)
[sync] Done!
[Tue Jun  9 01:00:02 CST 2026] 数据无变化，无需推送
[sync] Fetching Feishu token...
[sync] Fetching records from Bitable...
[sync] Formatting records...
[sync] Updating HTML file...
[sync] Updated with 78 records (2026-03-18 → 2026-06-08)
[sync] Done!
[Tue Jun  9 01:30:02 CST 2026] 数据无变化，无需推送
[sync] Fetching Feishu token...
[sync] Fetching records from Bitable...
[sync] Formatting records...
[sync] Updating HTML file...
[sync] Updated with 78 records (2026-03-18 → 2026-06-08)
[sync] Done!
[Tue Jun  9 02:00:01 CST 2026] 数据无变化，无需推送
[sync] Fetching Feishu token...
[sync] Fetching records from Bitable...
[sync] Formatting records...
[sync] Updating HTML file...
[sync] Updated with 78 records (2026-03-18 → 2026-06-08)
[sync] Done!
[Tue Jun  9 02:30:02 CST 2026] 数据无变化，无需推送
[sync] Fetching Feishu token...
[sync] Fetching records from Bitable...
[sync] Formatting records...
[sync] Updating HTML file...
[sync] Updated with 78 records (2026-03-18 → 2026-06-08)
[sync] Done!
[Tue Jun  9 03:00:01 CST 2026] 数据无变化，无需推送
[sync] Fetching Feishu token...
[sync] Fetching records from Bitable...
[sync] Formatting records...
[sync] Updating HTML file...
[sync] Updated with 78 records (2026-03-18 → 2026-06-08)
[sync] Done!
[Tue Jun  9 03:30:01 CST 2026] 数据无变化，无需推送
[sync] Fetching Feishu token...
[sync] Fetching records from Bitable...
[sync] Formatting records...
[sync] Updating HTML file...
[sync] Updated with 78 records (2026-03-18 → 2026-06-08)
[sync] Done!
[Tue Jun  9 04:00:01 CST 2026] 数据无变化，无需推送
[sync] Fetching Feishu token...
[sync] Fetching records from Bitable...
[sync] Formatting records...
[sync] Updating HTML file...
[sync] Updated with 78 records (2026-03-18 → 2026-06-08)
[sync] Done!
[Tue Jun  9 04:30:02 CST 2026] 数据无变化，无需推送
[sync] Fetching Feishu token...
[sync] Fetching records from Bitable...
[sync] Formatting records...
[sync] Updating HTML file...
[sync] Updated with 78 records (2026-03-18 → 2026-06-08)
[sync] Done!
[Tue Jun  9 05:00:02 CST 2026] 数据无变化，无需推送
[sync] Fetching Feishu token...
[sync] Fetching records from Bitable...
[sync] Formatting records...
[sync] Updating HTML file...
[sync] Updated with 78 records (2026-03-18 → 2026-06-08)
[sync] Done!
[Tue Jun  9 05:30:02 CST 2026] 数据无变化，无需推送
[sync] Fetching Feishu token...
[sync] Fetching records from Bitable...
[sync] Formatting records...
[sync] Updating HTML file...
[sync] Updated with 78 records (2026-03-18 → 2026-06-08)
[sync] Done!
[Tue Jun  9 06:00:01 CST 2026] 数据无变化，无需推送
[sync] Fetching Feishu token...
[sync] Fetching records from Bitable...
[sync] Formatting records...
[sync] Updating HTML file...
[sync] Updated with 78 records (2026-03-18 → 2026-06-08)
[sync] Done!
[Tue Jun  9 06:30:03 CST 2026] 数据无变化，无需推送
[sync] Fetching Feishu token...
[sync] Fetching records from Bitable...
[sync] Formatting records...
[sync] Updating HTML file...
[sync] Updated with 78 records (2026-03-18 → 2026-06-08)
[sync] Done!
[Tue Jun  9 07:00:02 CST 2026] 数据无变化，无需推送
[sync] Fetching Feishu token...
[sync] Fetching records from Bitable...
[sync] Formatting records...
[sync] Updating HTML file...
[sync] Updated with 79 records (2026-03-18 → 2026-06-09)
[sync] Done!
[main 56a9ba5] Auto sync: 2026年06月09日 血压数据
 1 file changed, 2 insertions(+), 1 deletion(-)
To github.com:sheachang2026/bp-trend-ZXY.git
   0ca3774..56a9ba5  main -> main
[Tue Jun  9 07:30:07 CST 2026] 推送完成
[sync] Fetching Feishu token...
[sync] Fetching records from Bitable...
[sync] Formatting records...
[sync] Updating HTML file...
[sync] Updated with 79 records (2026-03-18 → 2026-06-09)
[sync] Done!
[Tue Jun  9 08:00:03 CST 2026] 数据无变化，无需推送
[sync] Fetching Feishu token...
[sync] Fetching records from Bitable...
[sync] Formatting records...
[sync] Updating HTML file...
[sync] Updated with 79 records (2026-03-18 → 2026-06-09)
[sync] Done!
[Tue Jun  9 08:30:02 CST 2026] 数据无变化，无需推送
[sync] Fetching Feishu token...
[sync] Fetching records from Bitable...
[sync] Formatting records...
[sync] Updating HTML file...
[sync] Updated with 79 records (2026-03-18 → 2026-06-09)
[sync] Done!
[Tue Jun  9 09:00:02 CST 2026] 数据无变化，无需推送
[sync] Fetching Feishu token...
[sync] Fetching records from Bitable...
[sync] Formatting records...
[sync] Updating HTML file...
[sync] Updated with 79 records (2026-03-18 → 2026-06-09)
[sync] Done!
[Tue Jun  9 09:30:02 CST 2026] 数据无变化，无需推送
[sync] Fetching Feishu token...
[sync] Fetching records from Bitable...
[sync] Formatting records...
[sync] Updating HTML file...
[sync] Updated with 79 records (2026-03-18 → 2026-06-09)
[sync] Done!
[Tue Jun  9 10:00:03 CST 2026] 数据无变化，无需推送
[sync] Fetching Feishu token...
[sync] Fetching records from Bitable...
[sync] Formatting records...
[sync] Updating HTML file...
[sync] Updated with 79 records (2026-03-18 → 2026-06-09)
[sync] Done!
[Tue Jun  9 10:30:02 CST 2026] 数据无变化，无需推送
[sync] Fetching Feishu token...
[sync] Fetching records from Bitable...
[sync] Formatting records...
[sync] Updating HTML file...
[sync] Updated with 79 records (2026-03-18 → 2026-06-09)
[sync] Done!
[Tue Jun  9 11:00:03 CST 2026] 数据无变化，无需推送
[sync] Fetching Feishu token...
[sync] Fetching records from Bitable...
[sync] Formatting records...
[sync] Updating HTML file...
[sync] Updated with 79 records (2026-03-18 → 2026-06-09)
[sync] Done!
[Tue Jun  9 11:30:02 CST 2026] 数据无变化，无需推送
[sync] Fetching Feishu token...
[sync] Fetching records from Bitable...
[sync] Formatting records...
[sync] Updating HTML file...
[sync] Updated with 79 records (2026-03-18 → 2026-06-09)
[sync] Done!
[Tue Jun  9 12:00:03 CST 2026] 数据无变化，无需推送
[sync] Fetching Feishu token...
[sync] Fetching records from Bitable...
[sync] Formatting records...
[sync] Updating HTML file...
[sync] Updated with 79 records (2026-03-18 → 2026-06-09)
[sync] Done!
[Tue Jun  9 12:30:02 CST 2026] 数据无变化，无需推送
[sync] Fetching Feishu token...
[sync] Fetching records from Bitable...
[sync] Formatting records...
[sync] Updating HTML file...
[sync] Updated with 79 records (2026-03-18 → 2026-06-09)
[sync] Done!
[Tue Jun  9 13:00:01 CST 2026] 数据无变化，无需推送
[sync] Fetching Feishu token...
[sync] Fetching records from Bitable...
[sync] Formatting records...
[sync] Updating HTML file...
[sync] Updated with 79 records (2026-03-18 → 2026-06-09)
[sync] Done!
[Tue Jun  9 13:30:02 CST 2026] 数据无变化，无需推送
[sync] Fetching Feishu token...
[sync] Fetching records from Bitable...
[sync] Formatting records...
[sync] Updating HTML file...
[sync] Updated with 79 records (2026-03-18 → 2026-06-09)
[sync] Done!
[Tue Jun  9 14:00:03 CST 2026] 数据无变化，无需推送
[sync] Fetching Feishu token...
[sync] Fetching records from Bitable...
[sync] Formatting records...
[sync] Updating HTML file...
[sync] Updated with 79 records (2026-03-18 → 2026-06-09)
[sync] Done!
[Tue Jun  9 14:30:02 CST 2026] 数据无变化，无需推送
[sync] Fetching Feishu token...
[sync] Fetching records from Bitable...
[sync] Formatting records...
[sync] Updating HTML file...
[sync] Updated with 79 records (2026-03-18 → 2026-06-09)
[sync] Done!
[Tue Jun  9 15:00:03 CST 2026] 数据无变化，无需推送
[sync] Fetching Feishu token...
[sync] Fetching records from Bitable...
[sync] Formatting records...
[sync] Updating HTML file...
[sync] Updated with 79 records (2026-03-18 → 2026-06-09)
[sync] Done!
[Tue Jun  9 15:30:03 CST 2026] 数据无变化，无需推送
[sync] Fetching Feishu token...
[sync] Fetching records from Bitable...
[sync] Formatting records...
[sync] Updating HTML file...
[sync] Updated with 79 records (2026-03-18 → 2026-06-09)
[sync] Done!
[Tue Jun  9 16:00:04 CST 2026] 数据无变化，无需推送
[sync] Fetching Feishu token...
[sync] Fetching records from Bitable...
[sync] Formatting records...
[sync] Updating HTML file...
[sync] Updated with 79 records (2026-03-18 → 2026-06-09)
[sync] Done!
[Tue Jun  9 16:30:02 CST 2026] 数据无变化，无需推送
[sync] Fetching Feishu token...
[sync] Fetching records from Bitable...
[sync] Formatting records...
[sync] Updating HTML file...
[sync] Updated with 79 records (2026-03-18 → 2026-06-09)
[sync] Done!
[Tue Jun  9 17:00:02 CST 2026] 数据无变化，无需推送
[sync] Fetching Feishu token...
[sync] Fetching records from Bitable...
[sync] Formatting records...
[sync] Updating HTML file...
[sync] Updated with 79 records (2026-03-18 → 2026-06-09)
[sync] Done!
[Tue Jun  9 17:30:02 CST 2026] 数据无变化，无需推送
[sync] Fetching Feishu token...
[sync] Fetching records from Bitable...
[sync] Formatting records...
[sync] Updating HTML file...
[sync] Updated with 79 records (2026-03-18 → 2026-06-09)
[sync] Done!
[Tue Jun  9 18:00:02 CST 2026] 数据无变化，无需推送
[sync] Fetching Feishu token...
[sync] Fetching records from Bitable...
[sync] Formatting records...
[sync] Updating HTML file...
[sync] Updated with 79 records (2026-03-18 → 2026-06-09)
[sync] Done!
[Tue Jun  9 18:30:02 CST 2026] 数据无变化，无需推送
[sync] Fetching Feishu token...
[sync] Fetching records from Bitable...
[sync] Formatting records...
[sync] Updating HTML file...
[sync] Updated with 79 records (2026-03-18 → 2026-06-09)
[sync] Done!
[Tue Jun  9 19:00:01 CST 2026] 数据无变化，无需推送
[sync] Fetching Feishu token...
[sync] Fetching records from Bitable...
[sync] Formatting records...
[sync] Updating HTML file...
[sync] Updated with 79 records (2026-03-18 → 2026-06-09)
[sync] Done!
[Tue Jun  9 19:30:03 CST 2026] 数据无变化，无需推送
[sync] Fetching Feishu token...
[sync] Fetching records from Bitable...
[sync] Formatting records...
[sync] Updating HTML file...
[sync] Updated with 79 records (2026-03-18 → 2026-06-09)
[sync] Done!
[Tue Jun  9 20:00:02 CST 2026] 数据无变化，无需推送
[sync] Fetching Feishu token...
[sync] Fetching records from Bitable...
[sync] Formatting records...
[sync] Updating HTML file...
[sync] Updated with 79 records (2026-03-18 → 2026-06-09)
[sync] Done!
[Tue Jun  9 20:30:01 CST 2026] 数据无变化，无需推送
[sync] Fetching Feishu token...
[sync] Fetching records from Bitable...
[sync] Formatting records...
[sync] Updating HTML file...
[sync] Updated with 79 records (2026-03-18 → 2026-06-09)
[sync] Done!
[Tue Jun  9 21:00:04 CST 2026] 数据无变化，无需推送
[sync] Fetching Feishu token...
[sync] Fetching records from Bitable...
[sync] Formatting records...
[sync] Updating HTML file...
[sync] Updated with 79 records (2026-03-18 → 2026-06-09)
[sync] Done!
[Tue Jun  9 21:30:04 CST 2026] 数据无变化，无需推送
[sync] Fetching Feishu token...
[sync] Fetching records from Bitable...
[sync] Formatting records...
[sync] Updating HTML file...
[sync] Updated with 79 records (2026-03-18 → 2026-06-09)
[sync] Done!
[Tue Jun  9 22:00:03 CST 2026] 数据无变化，无需推送
[sync] Fetching Feishu token...
[sync] Fetching records from Bitable...
[sync] Formatting records...
[sync] Updating HTML file...
[sync] Updated with 79 records (2026-03-18 → 2026-06-09)
[sync] Done!
[Tue Jun  9 22:30:01 CST 2026] 数据无变化，无需推送
[sync] Fetching Feishu token...
[sync] Fetching records from Bitable...
[sync] Formatting records...
[sync] Updating HTML file...
[sync] Updated with 79 records (2026-03-18 → 2026-06-09)
[sync] Done!
[Tue Jun  9 23:00:03 CST 2026] 数据无变化，无需推送
[sync] Fetching Feishu token...
[sync] Fetching records from Bitable...
[sync] Formatting records...
[sync] Updating HTML file...
[sync] Updated with 79 records (2026-03-18 → 2026-06-09)
[sync] Done!
[main 170ccfb] Auto sync: 2026年06月09日 血压数据
 1 file changed, 1 insertion(+), 1 deletion(-)
To github.com:sheachang2026/bp-trend-ZXY.git
   56a9ba5..170ccfb  main -> main
[Tue Jun  9 23:30:09 CST 2026] 推送完成
[sync] Fetching Feishu token...
[sync] Fetching records from Bitable...
[sync] Formatting records...
[sync] Updating HTML file...
[sync] Updated with 79 records (2026-03-18 → 2026-06-09)
[sync] Done!
[main e5df284] Auto sync: 2026年06月10日 血压数据
 1 file changed, 1 insertion(+), 1 deletion(-)
To github.com:sheachang2026/bp-trend-ZXY.git
   170ccfb..e5df284  main -> main
[Wed Jun 10 00:00:09 CST 2026] 推送完成
[sync] Fetching Feishu token...
[sync] Fetching records from Bitable...
[sync] Formatting records...
[sync] Updating HTML file...
[sync] Updated with 79 records (2026-03-18 → 2026-06-09)
[sync] Done!
[Wed Jun 10 00:30:02 CST 2026] 数据无变化，无需推送
[sync] Fetching Feishu token...
[sync] Fetching records from Bitable...
[sync] Formatting records...
[sync] Updating HTML file...
[sync] Updated with 79 records (2026-03-18 → 2026-06-09)
[sync] Done!
[Wed Jun 10 01:00:03 CST 2026] 数据无变化，无需推送
[sync] Fetching Feishu token...
[sync] Fetching records from Bitable...
[sync] Formatting records...
[sync] Updating HTML file...
[sync] Updated with 79 records (2026-03-18 → 2026-06-09)
[sync] Done!
[Wed Jun 10 01:30:02 CST 2026] 数据无变化，无需推送
[sync] Fetching Feishu token...
[sync] Fetching records from Bitable...
[sync] Formatting records...
[sync] Updating HTML file...
[sync] Updated with 79 records (2026-03-18 → 2026-06-09)
[sync] Done!
[Wed Jun 10 02:00:01 CST 2026] 数据无变化，无需推送
[sync] Fetching Feishu token...
[sync] Fetching records from Bitable...
[sync] Formatting records...
[sync] Updating HTML file...
[sync] Updated with 78 records (2026-03-18 → 2026-06-09)
[sync] Done!
[main 4f2fbbe] Auto sync: 2026年06月10日 血压数据
 1 file changed, 1 deletion(-)
To github.com:sheachang2026/bp-trend-ZXY.git
   e5df284..4f2fbbe  main -> main
[Wed Jun 10 02:30:07 CST 2026] 推送完成
[sync] Fetching Feishu token...
[sync] Fetching records from Bitable...
[sync] Formatting records...
[sync] Updating HTML file...
[sync] Updated with 79 records (2026-03-18 → 2026-06-09)
[sync] Done!
[main 132ba39] Auto sync: 2026年06月10日 血压数据
 1 file changed, 1 insertion(+)
To github.com:sheachang2026/bp-trend-ZXY.git
   4f2fbbe..132ba39  main -> main
[Wed Jun 10 03:00:11 CST 2026] 推送完成
[sync] Fetching Feishu token...
[sync] Fetching records from Bitable...
[sync] Formatting records...
[sync] Updating HTML file...
[sync] Updated with 79 records (2026-03-18 → 2026-06-09)
[sync] Done!
[Wed Jun 10 03:30:02 CST 2026] 数据无变化，无需推送
[sync] Fetching Feishu token...
[sync] Fetching records from Bitable...
[sync] Formatting records...
[sync] Updating HTML file...
[sync] Updated with 79 records (2026-03-18 → 2026-06-09)
[sync] Done!
[Wed Jun 10 04:00:01 CST 2026] 数据无变化，无需推送
[sync] Fetching Feishu token...
[sync] Fetching records from Bitable...
[sync] Formatting records...
[sync] Updating HTML file...
[sync] Updated with 79 records (2026-03-18 → 2026-06-09)
[sync] Done!
[Wed Jun 10 04:30:02 CST 2026] 数据无变化，无需推送
[sync] Fetching Feishu token...
[sync] Fetching records from Bitable...
[sync] Formatting records...
[sync] Updating HTML file...
[sync] Updated with 79 records (2026-03-18 → 2026-06-09)
[sync] Done!
[Wed Jun 10 05:00:02 CST 2026] 数据无变化，无需推送
[sync] Fetching Feishu token...
[sync] Fetching records from Bitable...
[sync] Formatting records...
[sync] Updating HTML file...
[sync] Updated with 79 records (2026-03-18 → 2026-06-09)
[sync] Done!
[Wed Jun 10 05:30:02 CST 2026] 数据无变化，无需推送
[sync] Fetching Feishu token...
[sync] Fetching records from Bitable...
[sync] Formatting records...
[sync] Updating HTML file...
[sync] Updated with 79 records (2026-03-18 → 2026-06-09)
[sync] Done!
[Wed Jun 10 06:00:03 CST 2026] 数据无变化，无需推送
[sync] Fetching Feishu token...
[sync] Fetching records from Bitable...
[sync] Formatting records...
[sync] Updating HTML file...
[sync] Updated with 79 records (2026-03-18 → 2026-06-09)
[sync] Done!
[Wed Jun 10 06:30:02 CST 2026] 数据无变化，无需推送
[sync] Fetching Feishu token...
[sync] Fetching records from Bitable...
[sync] Formatting records...
[sync] Updating HTML file...
[sync] Updated with 79 records (2026-03-18 → 2026-06-09)
[sync] Done!
[main b1c808e] Auto sync: 2026年06月10日 血压数据
 1 file changed, 1 insertion(+), 2 deletions(-)
To github.com:sheachang2026/bp-trend-ZXY.git
   9c54fae..b1c808e  main -> main
[Wed Jun 10 07:00:07 CST 2026] 推送完成
[sync] Fetching Feishu token...
[sync] Fetching records from Bitable...
[sync] Formatting records...
[sync] Updating HTML file...
[sync] Updated with 79 records (2026-03-18 → 2026-06-09)
[sync] Done!
[Wed Jun 10 07:30:01 CST 2026] 数据无变化，无需推送
[sync] Fetching Feishu token...
[sync] Fetching records from Bitable...
[sync] Formatting records...
[sync] Updating HTML file...
[sync] Updated with 79 records (2026-03-18 → 2026-06-09)
[sync] Done!
[Wed Jun 10 08:00:03 CST 2026] 数据无变化，无需推送
[sync] Fetching Feishu token...
[sync] Fetching records from Bitable...
[sync] Formatting records...
[sync] Updating HTML file...
[sync] Updated with 79 records (2026-03-18 → 2026-06-09)
[sync] Done!
[Wed Jun 10 08:30:02 CST 2026] 数据无变化，无需推送
[sync] Fetching Feishu token...
[sync] Fetching records from Bitable...
[sync] Formatting records...
[sync] Updating HTML file...
[sync] Updated with 79 records (2026-03-18 → 2026-06-09)
[sync] Done!
[main 9d1f384] Auto sync: 2026年06月10日 血压数据
 1 file changed, 1 insertion(+), 1 deletion(-)
To github.com:sheachang2026/bp-trend-ZXY.git
   b1c808e..9d1f384  main -> main
[Wed Jun 10 09:00:11 CST 2026] 推送完成
[sync] Fetching Feishu token...
[sync] Fetching records from Bitable...
[sync] Formatting records...
[sync] Updating HTML file...
[sync] Updated with 79 records (2026-03-18 → 2026-06-09)
[sync] Done!
[main f3a0bdf] Auto sync: 2026年06月10日 血压数据
 1 file changed, 1 insertion(+), 1 deletion(-)
To github.com:sheachang2026/bp-trend-ZXY.git
   9d1f384..f3a0bdf  main -> main
[Wed Jun 10 09:30:07 CST 2026] 推送完成
[sync] Fetching Feishu token...
[sync] Fetching records from Bitable...
[sync] Formatting records...
[sync] Updating HTML file...
[sync] Updated with 79 records (2026-03-18 → 2026-06-09)
[sync] Done!
[Wed Jun 10 10:00:04 CST 2026] 数据无变化，无需推送
[sync] Fetching Feishu token...
[sync] Fetching records from Bitable...
[sync] Formatting records...
[sync] Updating HTML file...
[sync] Updated with 80 records (2026-03-18 → 2026-06-10)
[sync] Done!
[Wed Jun 10 10:30:03 CST 2026] 数据无变化，无需推送
[sync] Fetching Feishu token...
[sync] Fetching records from Bitable...
[sync] Formatting records...
[sync] Updating HTML file...
[sync] Updated with 80 records (2026-03-18 → 2026-06-10)
[sync] Done!
[Wed Jun 10 11:00:02 CST 2026] 数据无变化，无需推送
[sync] Fetching Feishu token...
[sync] Fetching records from Bitable...
[sync] Formatting records...
[sync] Updating HTML file...
[sync] Updated with 80 records (2026-03-18 → 2026-06-10)
[sync] Done!
[Wed Jun 10 11:30:03 CST 2026] 数据无变化，无需推送
[sync] Fetching Feishu token...
[sync] Fetching records from Bitable...
[sync] Formatting records...
[sync] Updating HTML file...
[sync] Updated with 80 records (2026-03-18 → 2026-06-10)
[sync] Done!
[main cb0ecb2] Auto sync: 2026年06月10日 血压数据
 1 file changed, 1 insertion(+), 1 deletion(-)
To github.com:sheachang2026/bp-trend-ZXY.git
   0e7e134..cb0ecb2  main -> main
[Wed Jun 10 12:00:09 CST 2026] 推送完成
[sync] Fetching Feishu token...
[sync] Fetching records from Bitable...
[sync] Formatting records...
[sync] Updating HTML file...
[sync] Updated with 80 records (2026-03-18 → 2026-06-10)
[sync] Done!
[main 86048bc] Auto sync: 2026年06月10日 血压数据
 1 file changed, 1 insertion(+), 1 deletion(-)
To github.com:sheachang2026/bp-trend-ZXY.git
   cb0ecb2..86048bc  main -> main
[Wed Jun 10 12:30:09 CST 2026] 推送完成
[sync] Fetching Feishu token...
[sync] Fetching records from Bitable...
[sync] Formatting records...
[sync] Updating HTML file...
[sync] Updated with 80 records (2026-03-18 → 2026-06-10)
[sync] Done!
[Wed Jun 10 13:00:01 CST 2026] 数据无变化，无需推送
[sync] Fetching Feishu token...
[sync] Fetching records from Bitable...
[sync] Formatting records...
[sync] Updating HTML file...
[sync] Updated with 80 records (2026-03-18 → 2026-06-10)
[sync] Done!
[Wed Jun 10 13:30:03 CST 2026] 数据无变化，无需推送
[sync] Fetching Feishu token...
[sync] Fetching records from Bitable...
[sync] Formatting records...
[sync] Updating HTML file...
[sync] Updated with 80 records (2026-03-18 → 2026-06-10)
[sync] Done!
[Wed Jun 10 14:00:02 CST 2026] 数据无变化，无需推送
[sync] Fetching Feishu token...
[sync] Fetching records from Bitable...
[sync] Formatting records...
[sync] Updating HTML file...
[sync] Updated with 80 records (2026-03-18 → 2026-06-10)
[sync] Done!
[Wed Jun 10 14:30:02 CST 2026] 数据无变化，无需推送
[sync] Fetching Feishu token...
[sync] Fetching records from Bitable...
[sync] Formatting records...
[sync] Updating HTML file...
[sync] Updated with 80 records (2026-03-18 → 2026-06-10)
[sync] Done!
[Wed Jun 10 15:00:02 CST 2026] 数据无变化，无需推送
[sync] Fetching Feishu token...
[sync] Fetching records from Bitable...
[sync] Formatting records...
[sync] Updating HTML file...
[sync] Updated with 80 records (2026-03-18 → 2026-06-10)
[sync] Done!
[Wed Jun 10 15:30:02 CST 2026] 数据无变化，无需推送
[sync] Fetching Feishu token...
[sync] Fetching records from Bitable...
[sync] Formatting records...
[sync] Updating HTML file...
[sync] Updated with 80 records (2026-03-18 → 2026-06-10)
[sync] Done!
[Wed Jun 10 16:00:02 CST 2026] 数据无变化，无需推送
[sync] Fetching Feishu token...
[sync] Fetching records from Bitable...
[sync] Formatting records...
[sync] Updating HTML file...
[sync] Updated with 80 records (2026-03-18 → 2026-06-10)
[sync] Done!
[Wed Jun 10 16:30:02 CST 2026] 数据无变化，无需推送
[sync] Fetching Feishu token...
[sync] Fetching records from Bitable...
[sync] Formatting records...
[sync] Updating HTML file...
[sync] Updated with 80 records (2026-03-18 → 2026-06-10)
[sync] Done!
[Wed Jun 10 17:00:04 CST 2026] 数据无变化，无需推送
[sync] Fetching Feishu token...
[sync] Fetching records from Bitable...
[sync] Formatting records...
[sync] Updating HTML file...
[sync] Updated with 80 records (2026-03-18 → 2026-06-10)
[sync] Done!
[Wed Jun 10 17:30:02 CST 2026] 数据无变化，无需推送
[sync] Fetching Feishu token...
[sync] Fetching records from Bitable...
[sync] Formatting records...
[sync] Updating HTML file...
[sync] Updated with 80 records (2026-03-18 → 2026-06-10)
[sync] Done!
[Wed Jun 10 18:00:02 CST 2026] 数据无变化，无需推送
[sync] Fetching Feishu token...
[sync] Fetching records from Bitable...
[sync] Formatting records...
[sync] Updating HTML file...
[sync] Updated with 80 records (2026-03-18 → 2026-06-10)
[sync] Done!
[Wed Jun 10 18:30:03 CST 2026] 数据无变化，无需推送
[sync] Fetching Feishu token...
[sync] Fetching records from Bitable...
[sync] Formatting records...
[sync] Updating HTML file...
[sync] Updated with 80 records (2026-03-18 → 2026-06-10)
[sync] Done!
[Wed Jun 10 19:00:02 CST 2026] 数据无变化，无需推送
[sync] Fetching Feishu token...
[sync] Fetching records from Bitable...
[sync] Formatting records...
[sync] Updating HTML file...
[sync] Updated with 80 records (2026-03-18 → 2026-06-10)
[sync] Done!
[Wed Jun 10 19:30:02 CST 2026] 数据无变化，无需推送
[sync] Fetching Feishu token...
[sync] Fetching records from Bitable...
[sync] Formatting records...
[sync] Updating HTML file...
[sync] Updated with 80 records (2026-03-18 → 2026-06-10)
[sync] Done!
[Wed Jun 10 20:00:06 CST 2026] 数据无变化，无需推送
[sync] Fetching Feishu token...
[sync] Fetching records from Bitable...
[sync] Formatting records...
[sync] Updating HTML file...
[sync] Updated with 80 records (2026-03-18 → 2026-06-10)
[sync] Done!
[Wed Jun 10 20:30:04 CST 2026] 数据无变化，无需推送
[sync] Fetching Feishu token...
[sync] Fetching records from Bitable...
[sync] Formatting records...
[sync] Updating HTML file...
[sync] Updated with 80 records (2026-03-18 → 2026-06-10)
[sync] Done!
[Wed Jun 10 21:00:03 CST 2026] 数据无变化，无需推送
[sync] Fetching Feishu token...
[sync] Fetching records from Bitable...
[sync] Formatting records...
[sync] Updating HTML file...
[sync] Updated with 80 records (2026-03-18 → 2026-06-10)
[sync] Done!
[Wed Jun 10 21:30:05 CST 2026] 数据无变化，无需推送
[sync] Fetching Feishu token...
[sync] Fetching records from Bitable...
[sync] Formatting records...
[sync] Updating HTML file...
[sync] Updated with 80 records (2026-03-18 → 2026-06-10)
[sync] Done!
[Wed Jun 10 22:00:02 CST 2026] 数据无变化，无需推送
[sync] Fetching Feishu token...
[sync] Fetching records from Bitable...
[sync] Formatting records...
[sync] Updating HTML file...
[sync] Updated with 80 records (2026-03-18 → 2026-06-10)
[sync] Done!
[Wed Jun 10 22:30:06 CST 2026] 数据无变化，无需推送
[sync] Fetching Feishu token...
[sync] Fetching records from Bitable...
[sync] Formatting records...
[sync] Updating HTML file...
[sync] Updated with 80 records (2026-03-18 → 2026-06-10)
[sync] Done!
[Wed Jun 10 23:00:01 CST 2026] 数据无变化，无需推送
[sync] Fetching Feishu token...
[sync] Fetching records from Bitable...
[sync] Formatting records...
[sync] Updating HTML file...
[sync] Updated with 80 records (2026-03-18 → 2026-06-10)
[sync] Done!
[Wed Jun 10 23:30:02 CST 2026] 数据无变化，无需推送
[sync] Fetching Feishu token...
[sync] Fetching records from Bitable...
[sync] Formatting records...
[sync] Updating HTML file...
[sync] Updated with 80 records (2026-03-18 → 2026-06-10)
[sync] Done!
[Thu Jun 11 00:00:02 CST 2026] 数据无变化，无需推送
[sync] Fetching Feishu token...
[sync] Fetching records from Bitable...
[sync] Formatting records...
[sync] Updating HTML file...
[sync] Updated with 80 records (2026-03-18 → 2026-06-10)
[sync] Done!
[Thu Jun 11 00:30:03 CST 2026] 数据无变化，无需推送
[sync] Fetching Feishu token...
[sync] Fetching records from Bitable...
[sync] Formatting records...
[sync] Updating HTML file...
[sync] Updated with 80 records (2026-03-18 → 2026-06-10)
[sync] Done!
[Thu Jun 11 01:00:01 CST 2026] 数据无变化，无需推送
[sync] Fetching Feishu token...
[sync] Fetching records from Bitable...
[sync] Formatting records...
[sync] Updating HTML file...
[sync] Updated with 80 records (2026-03-18 → 2026-06-10)
[sync] Done!
[Thu Jun 11 01:30:02 CST 2026] 数据无变化，无需推送
[sync] Fetching Feishu token...
[sync] Fetching records from Bitable...
[sync] Formatting records...
[sync] Updating HTML file...
[sync] Updated with 80 records (2026-03-18 → 2026-06-10)
[sync] Done!
[Thu Jun 11 02:00:02 CST 2026] 数据无变化，无需推送
[sync] Fetching Feishu token...
[sync] Fetching records from Bitable...
[sync] Formatting records...
[sync] Updating HTML file...
[sync] Updated with 80 records (2026-03-18 → 2026-06-10)
[sync] Done!
[Thu Jun 11 02:30:01 CST 2026] 数据无变化，无需推送
[sync] Fetching Feishu token...
[sync] Fetching records from Bitable...
[sync] Formatting records...
[sync] Updating HTML file...
[sync] Updated with 80 records (2026-03-18 → 2026-06-10)
[sync] Done!
[Thu Jun 11 03:00:02 CST 2026] 数据无变化，无需推送
[sync] Fetching Feishu token...
[sync] Fetching records from Bitable...
[sync] Formatting records...
[sync] Updating HTML file...
[sync] Updated with 80 records (2026-03-18 → 2026-06-10)
[sync] Done!
[Thu Jun 11 03:30:02 CST 2026] 数据无变化，无需推送
[sync] Fetching Feishu token...
[sync] Fetching records from Bitable...
[sync] Formatting records...
[sync] Updating HTML file...
[sync] Updated with 80 records (2026-03-18 → 2026-06-10)
[sync] Done!
[Thu Jun 11 04:00:02 CST 2026] 数据无变化，无需推送
[sync] Fetching Feishu token...
[sync] Fetching records from Bitable...
[sync] Formatting records...
[sync] Updating HTML file...
[sync] Updated with 80 records (2026-03-18 → 2026-06-10)
[sync] Done!
[Thu Jun 11 04:30:03 CST 2026] 数据无变化，无需推送
[sync] Fetching Feishu token...
[sync] Fetching records from Bitable...
[sync] Formatting records...
[sync] Updating HTML file...
[sync] Updated with 80 records (2026-03-18 → 2026-06-10)
[sync] Done!
[Thu Jun 11 05:00:02 CST 2026] 数据无变化，无需推送
[sync] Fetching Feishu token...
[sync] Fetching records from Bitable...
[sync] Formatting records...
[sync] Updating HTML file...
[sync] Updated with 80 records (2026-03-18 → 2026-06-10)
[sync] Done!
[Thu Jun 11 05:30:01 CST 2026] 数据无变化，无需推送
[sync] Fetching Feishu token...
[sync] Fetching records from Bitable...
[sync] Formatting records...
[sync] Updating HTML file...
[sync] Updated with 80 records (2026-03-18 → 2026-06-10)
[sync] Done!
[Thu Jun 11 06:00:01 CST 2026] 数据无变化，无需推送
[sync] Fetching Feishu token...
[sync] Fetching records from Bitable...
[sync] Formatting records...
[sync] Updating HTML file...
[sync] Updated with 80 records (2026-03-18 → 2026-06-10)
[sync] Done!
[Thu Jun 11 06:30:02 CST 2026] 数据无变化，无需推送
[sync] Fetching Feishu token...
[sync] Fetching records from Bitable...
[sync] Formatting records...
[sync] Updating HTML file...
[sync] Updated with 80 records (2026-03-18 → 2026-06-10)
[sync] Done!
[Thu Jun 11 07:00:02 CST 2026] 数据无变化，无需推送
[sync] Fetching Feishu token...
[sync] Fetching records from Bitable...
[sync] Formatting records...
[sync] Updating HTML file...
[sync] Updated with 81 records (2026-03-18 → 2026-06-11)
[sync] Done!
[main baee0e7] Auto sync: 2026年06月11日 血压数据
 1 file changed, 2 insertions(+), 1 deletion(-)
To github.com:sheachang2026/bp-trend-ZXY.git
   86048bc..baee0e7  main -> main
[Thu Jun 11 07:30:07 CST 2026] 推送完成
[sync] Fetching Feishu token...
[sync] Fetching records from Bitable...
[sync] Formatting records...
[sync] Updating HTML file...
[sync] Updated with 81 records (2026-03-18 → 2026-06-11)
[sync] Done!
[Thu Jun 11 08:00:01 CST 2026] 数据无变化，无需推送
[sync] Fetching Feishu token...
[sync] Fetching records from Bitable...
[sync] Formatting records...
[sync] Updating HTML file...
[sync] Updated with 81 records (2026-03-18 → 2026-06-11)
[sync] Done!
[Thu Jun 11 08:30:02 CST 2026] 数据无变化，无需推送
[sync] Fetching Feishu token...
[sync] Fetching records from Bitable...
[sync] Formatting records...
[sync] Updating HTML file...
[sync] Updated with 81 records (2026-03-18 → 2026-06-11)
[sync] Done!
[Thu Jun 11 09:00:03 CST 2026] 数据无变化，无需推送
[sync] Fetching Feishu token...
[sync] Fetching records from Bitable...
[sync] Formatting records...
[sync] Updating HTML file...
[sync] Updated with 81 records (2026-03-18 → 2026-06-11)
[sync] Done!
[Thu Jun 11 09:30:02 CST 2026] 数据无变化，无需推送
[sync] Fetching Feishu token...
[sync] Fetching records from Bitable...
[sync] Formatting records...
[sync] Updating HTML file...
[sync] Updated with 81 records (2026-03-18 → 2026-06-11)
[sync] Done!
[Thu Jun 11 10:00:03 CST 2026] 数据无变化，无需推送
[sync] Fetching Feishu token...
[sync] Fetching records from Bitable...
[sync] Formatting records...
[sync] Updating HTML file...
[sync] Updated with 81 records (2026-03-18 → 2026-06-11)
[sync] Done!
[Thu Jun 11 10:30:02 CST 2026] 数据无变化，无需推送
[sync] Fetching Feishu token...
[sync] Fetching records from Bitable...
[sync] Formatting records...
[sync] Updating HTML file...
[sync] Updated with 81 records (2026-03-18 → 2026-06-11)
[sync] Done!
[Thu Jun 11 11:00:02 CST 2026] 数据无变化，无需推送
[sync] Fetching Feishu token...
[sync] Fetching records from Bitable...
[sync] Formatting records...
[sync] Updating HTML file...
[sync] Updated with 81 records (2026-03-18 → 2026-06-11)
[sync] Done!
[Thu Jun 11 11:30:01 CST 2026] 数据无变化，无需推送
[sync] Fetching Feishu token...
[sync] Fetching records from Bitable...
[sync] Formatting records...
[sync] Updating HTML file...
[sync] Updated with 81 records (2026-03-18 → 2026-06-11)
[sync] Done!
[Thu Jun 11 12:00:02 CST 2026] 数据无变化，无需推送
[sync] Fetching Feishu token...
[sync] Fetching records from Bitable...
[sync] Formatting records...
[sync] Updating HTML file...
[sync] Updated with 81 records (2026-03-18 → 2026-06-11)
[sync] Done!
[Thu Jun 11 12:30:02 CST 2026] 数据无变化，无需推送
[sync] Fetching Feishu token...
[sync] Fetching records from Bitable...
[sync] Formatting records...
[sync] Updating HTML file...
[sync] Updated with 81 records (2026-03-18 → 2026-06-11)
[sync] Done!
[Thu Jun 11 13:00:03 CST 2026] 数据无变化，无需推送
[sync] Fetching Feishu token...
[sync] Fetching records from Bitable...
[sync] Formatting records...
[sync] Updating HTML file...
[sync] Updated with 81 records (2026-03-18 → 2026-06-11)
[sync] Done!
[Thu Jun 11 13:30:01 CST 2026] 数据无变化，无需推送
[sync] Fetching Feishu token...
[sync] Fetching records from Bitable...
[sync] Formatting records...
[sync] Updating HTML file...
[sync] Updated with 81 records (2026-03-18 → 2026-06-11)
[sync] Done!
[Thu Jun 11 14:00:03 CST 2026] 数据无变化，无需推送
[sync] Fetching Feishu token...
[sync] Fetching records from Bitable...
[sync] Formatting records...
[sync] Updating HTML file...
[sync] Updated with 81 records (2026-03-18 → 2026-06-11)
[sync] Done!
[Thu Jun 11 14:30:03 CST 2026] 数据无变化，无需推送
[sync] Fetching Feishu token...
[sync] Fetching records from Bitable...
[sync] Formatting records...
[sync] Updating HTML file...
[sync] Updated with 81 records (2026-03-18 → 2026-06-11)
[sync] Done!
[Thu Jun 11 15:00:02 CST 2026] 数据无变化，无需推送
[sync] Fetching Feishu token...
[sync] Fetching records from Bitable...
[sync] Formatting records...
[sync] Updating HTML file...
[sync] Updated with 80 records (2026-03-18 → 2026-06-11)
[sync] Done!
[main f15646f] Auto sync: 2026年06月11日 血压数据
 1 file changed, 1 deletion(-)
To github.com:sheachang2026/bp-trend-ZXY.git
   baee0e7..f15646f  main -> main
[Thu Jun 11 15:30:11 CST 2026] 推送完成
[sync] Fetching Feishu token...
[sync] Fetching records from Bitable...
[sync] Formatting records...
[sync] Updating HTML file...
[sync] Updated with 81 records (2026-03-18 → 2026-06-11)
[sync] Done!
[main 766737f] Auto sync: 2026年06月11日 血压数据
 1 file changed, 1 insertion(+)
To github.com:sheachang2026/bp-trend-ZXY.git
   f15646f..766737f  main -> main
[Thu Jun 11 16:00:13 CST 2026] 推送完成
[sync] Fetching Feishu token...
[sync] Fetching records from Bitable...
[sync] Formatting records...
[sync] Updating HTML file...
[sync] Updated with 81 records (2026-03-18 → 2026-06-11)
[sync] Done!
[Thu Jun 11 16:30:02 CST 2026] 数据无变化，无需推送
[sync] Fetching Feishu token...
[sync] Fetching records from Bitable...
[sync] Formatting records...
[sync] Updating HTML file...
[sync] Updated with 81 records (2026-03-18 → 2026-06-11)
[sync] Done!
[Thu Jun 11 17:00:02 CST 2026] 数据无变化，无需推送
[sync] Fetching Feishu token...
[sync] Fetching records from Bitable...
[sync] Formatting records...
[sync] Updating HTML file...
[sync] Updated with 81 records (2026-03-18 → 2026-06-11)
[sync] Done!
[Thu Jun 11 17:30:02 CST 2026] 数据无变化，无需推送
[sync] Fetching Feishu token...
[sync] Fetching records from Bitable...
[sync] Formatting records...
[sync] Updating HTML file...
[sync] Updated with 81 records (2026-03-18 → 2026-06-11)
[sync] Done!
[Thu Jun 11 18:00:02 CST 2026] 数据无变化，无需推送
[sync] Fetching Feishu token...
[sync] Fetching records from Bitable...
[sync] Formatting records...
[sync] Updating HTML file...
[sync] Updated with 81 records (2026-03-18 → 2026-06-11)
[sync] Done!
[Thu Jun 11 18:30:02 CST 2026] 数据无变化，无需推送
[sync] Fetching Feishu token...
[sync] Fetching records from Bitable...
[sync] Formatting records...
[sync] Updating HTML file...
[sync] Updated with 81 records (2026-03-18 → 2026-06-11)
[sync] Done!
[Thu Jun 11 19:00:02 CST 2026] 数据无变化，无需推送
[sync] Fetching Feishu token...
[sync] Fetching records from Bitable...
[sync] Formatting records...
[sync] Updating HTML file...
[sync] Updated with 81 records (2026-03-18 → 2026-06-11)
[sync] Done!
[Thu Jun 11 19:30:02 CST 2026] 数据无变化，无需推送
[sync] Fetching Feishu token...
[sync] Fetching records from Bitable...
[sync] Formatting records...
[sync] Updating HTML file...
[sync] Updated with 81 records (2026-03-18 → 2026-06-11)
[sync] Done!
[Thu Jun 11 20:00:05 CST 2026] 数据无变化，无需推送
[sync] Fetching Feishu token...
[sync] Fetching records from Bitable...
[sync] Formatting records...
[sync] Updating HTML file...
[sync] Updated with 81 records (2026-03-18 → 2026-06-11)
[sync] Done!
[Thu Jun 11 20:30:01 CST 2026] 数据无变化，无需推送
[sync] Fetching Feishu token...
[sync] Fetching records from Bitable...
[sync] Formatting records...
[sync] Updating HTML file...
[sync] Updated with 81 records (2026-03-18 → 2026-06-11)
[sync] Done!
[Thu Jun 11 21:00:05 CST 2026] 数据无变化，无需推送
[sync] Fetching Feishu token...
[sync] Fetching records from Bitable...
[sync] Formatting records...
[sync] Updating HTML file...
[sync] Updated with 81 records (2026-03-18 → 2026-06-11)
[sync] Done!
[Thu Jun 11 21:30:03 CST 2026] 数据无变化，无需推送
[sync] Fetching Feishu token...
[sync] Fetching records from Bitable...
[sync] Formatting records...
[sync] Updating HTML file...
[sync] Updated with 81 records (2026-03-18 → 2026-06-11)
[sync] Done!
[Thu Jun 11 22:00:01 CST 2026] 数据无变化，无需推送
[sync] Fetching Feishu token...
[sync] Fetching records from Bitable...
[sync] Formatting records...
[sync] Updating HTML file...
[sync] Updated with 81 records (2026-03-18 → 2026-06-11)
[sync] Done!
[Thu Jun 11 22:30:02 CST 2026] 数据无变化，无需推送
[sync] Fetching Feishu token...
[sync] Fetching records from Bitable...
[sync] Formatting records...
[sync] Updating HTML file...
[sync] Updated with 81 records (2026-03-18 → 2026-06-11)
[sync] Done!
[Thu Jun 11 23:00:03 CST 2026] 数据无变化，无需推送
[sync] Fetching Feishu token...
[sync] Fetching records from Bitable...
[sync] Formatting records...
[sync] Updating HTML file...
[sync] Updated with 81 records (2026-03-18 → 2026-06-11)
[sync] Done!
[Thu Jun 11 23:30:01 CST 2026] 数据无变化，无需推送
[sync] Fetching Feishu token...
[sync] Fetching records from Bitable...
[sync] Formatting records...
[sync] Updating HTML file...
[sync] Updated with 81 records (2026-03-18 → 2026-06-11)
[sync] Done!
[Fri Jun 12 00:00:01 CST 2026] 数据无变化，无需推送
[sync] Fetching Feishu token...
[sync] Fetching records from Bitable...
[sync] Formatting records...
[sync] Updating HTML file...
[sync] Updated with 81 records (2026-03-18 → 2026-06-11)
[sync] Done!
[Fri Jun 12 00:30:01 CST 2026] 数据无变化，无需推送
[sync] Fetching Feishu token...
[sync] Fetching records from Bitable...
[sync] Formatting records...
[sync] Updating HTML file...
[sync] Updated with 81 records (2026-03-18 → 2026-06-11)
[sync] Done!
[Fri Jun 12 01:00:02 CST 2026] 数据无变化，无需推送
[sync] Fetching Feishu token...
[sync] Fetching records from Bitable...
[sync] Formatting records...
[sync] Updating HTML file...
[sync] Updated with 81 records (2026-03-18 → 2026-06-11)
[sync] Done!
[Fri Jun 12 01:30:01 CST 2026] 数据无变化，无需推送
[sync] Fetching Feishu token...
[sync] Fetching records from Bitable...
[sync] Formatting records...
[sync] Updating HTML file...
[sync] Updated with 81 records (2026-03-18 → 2026-06-11)
[sync] Done!
[Fri Jun 12 02:00:01 CST 2026] 数据无变化，无需推送
[sync] Fetching Feishu token...
[sync] Fetching records from Bitable...
[sync] Formatting records...
[sync] Updating HTML file...
[sync] Updated with 81 records (2026-03-18 → 2026-06-11)
[sync] Done!
[Fri Jun 12 02:30:03 CST 2026] 数据无变化，无需推送
[sync] Fetching Feishu token...
[sync] Fetching records from Bitable...
[sync] Formatting records...
[sync] Updating HTML file...
[sync] Updated with 81 records (2026-03-18 → 2026-06-11)
[sync] Done!
[Fri Jun 12 03:00:02 CST 2026] 数据无变化，无需推送
[sync] Fetching Feishu token...
[sync] Fetching records from Bitable...
[sync] Formatting records...
[sync] Updating HTML file...
[sync] Updated with 81 records (2026-03-18 → 2026-06-11)
[sync] Done!
[Fri Jun 12 03:30:01 CST 2026] 数据无变化，无需推送
[sync] Fetching Feishu token...
[sync] Fetching records from Bitable...
[sync] Formatting records...
[sync] Updating HTML file...
[sync] Updated with 81 records (2026-03-18 → 2026-06-11)
[sync] Done!
[Fri Jun 12 04:00:01 CST 2026] 数据无变化，无需推送
[sync] Fetching Feishu token...
[sync] Fetching records from Bitable...
[sync] Formatting records...
[sync] Updating HTML file...
[sync] Updated with 81 records (2026-03-18 → 2026-06-11)
[sync] Done!
[Fri Jun 12 04:30:02 CST 2026] 数据无变化，无需推送
[sync] Fetching Feishu token...
[sync] Fetching records from Bitable...
[sync] Formatting records...
[sync] Updating HTML file...
[sync] Updated with 81 records (2026-03-18 → 2026-06-11)
[sync] Done!
[Fri Jun 12 05:00:01 CST 2026] 数据无变化，无需推送
[sync] Fetching Feishu token...
[sync] Fetching records from Bitable...
[sync] Formatting records...
[sync] Updating HTML file...
[sync] Updated with 81 records (2026-03-18 → 2026-06-11)
[sync] Done!
[Fri Jun 12 05:30:01 CST 2026] 数据无变化，无需推送
[sync] Fetching Feishu token...
[sync] Fetching records from Bitable...
[sync] Formatting records...
[sync] Updating HTML file...
[sync] Updated with 81 records (2026-03-18 → 2026-06-11)
[sync] Done!
[Fri Jun 12 06:00:01 CST 2026] 数据无变化，无需推送
[sync] Fetching Feishu token...
[sync] Fetching records from Bitable...
[sync] Formatting records...
[sync] Updating HTML file...
[sync] Updated with 81 records (2026-03-18 → 2026-06-11)
[sync] Done!
[Fri Jun 12 06:30:02 CST 2026] 数据无变化，无需推送
